/*
SQLyog Ultimate v11.11 (64 bit)
MySQL - 5.5.23 : Database - jeesite
*********************************************************************
*/

/*!40101 SET NAMES utf8 */;

/*!40101 SET SQL_MODE=''*/;

/*!40014 SET @OLD_UNIQUE_CHECKS=@@UNIQUE_CHECKS, UNIQUE_CHECKS=0 */;
/*!40014 SET @OLD_FOREIGN_KEY_CHECKS=@@FOREIGN_KEY_CHECKS, FOREIGN_KEY_CHECKS=0 */;
/*!40101 SET @OLD_SQL_MODE=@@SQL_MODE, SQL_MODE='NO_AUTO_VALUE_ON_ZERO' */;
/*!40111 SET @OLD_SQL_NOTES=@@SQL_NOTES, SQL_NOTES=0 */;
CREATE DATABASE /*!32312 IF NOT EXISTS*/`jeesite` /*!40100 DEFAULT CHARACTER SET utf8 */;

USE `jeesite`;

/*Table structure for table `act_ge_bytearray` */

DROP TABLE IF EXISTS `act_ge_bytearray`;

CREATE TABLE `act_ge_bytearray` (
  `ID_` varchar(64) COLLATE utf8_bin NOT NULL DEFAULT '',
  `REV_` int(11) DEFAULT NULL,
  `NAME_` varchar(255) COLLATE utf8_bin DEFAULT NULL,
  `DEPLOYMENT_ID_` varchar(64) COLLATE utf8_bin DEFAULT NULL,
  `BYTES_` longblob,
  `GENERATED_` tinyint(4) DEFAULT NULL,
  PRIMARY KEY (`ID_`),
  KEY `ACT_FK_BYTEARR_DEPL` (`DEPLOYMENT_ID_`),
  CONSTRAINT `ACT_FK_BYTEARR_DEPL` FOREIGN KEY (`DEPLOYMENT_ID_`) REFERENCES `act_re_deployment` (`ID_`)
) ENGINE=InnoDB DEFAULT CHARSET=utf8 COLLATE=utf8_bin;

/*Data for the table `act_ge_bytearray` */

insert  into `act_ge_bytearray`(`ID_`,`REV_`,`NAME_`,`DEPLOYMENT_ID_`,`BYTES_`,`GENERATED_`) values ('45750d9c023e46a4ac2c9fac1a32a1c0',1,'test_audit.bpmn20.xml','36b766f3413e48f79e943333ea85efb6','<?xml version=\'1.0\' encoding=\'UTF-8\'?>\r\n<definitions xmlns=\"http://www.omg.org/spec/BPMN/20100524/MODEL\" xmlns:xsi=\"http://www.w3.org/2001/XMLSchema-instance\" xmlns:activiti=\"http://activiti.org/bpmn\" xmlns:bpmndi=\"http://www.omg.org/spec/BPMN/20100524/DI\" xmlns:omgdc=\"http://www.omg.org/spec/DD/20100524/DC\" xmlns:omgdi=\"http://www.omg.org/spec/DD/20100524/DI\" typeLanguage=\"http://www.w3.org/2001/XMLSchema\" expressionLanguage=\"http://www.w3.org/1999/XPath\" targetNamespace=\"http://www.activiti.org/test\">\r\n  <process id=\"test_audit\" name=\"流程审批测试流程\" isExecutable=\"true\">\r\n    <startEvent id=\"start\" name=\"启动审批\" activiti:initiator=\"apply\" activiti:formKey=\"/oa/testAudit/form\"/>\r\n    <endEvent id=\"end\" name=\"结束审批\"/>\r\n    <userTask id=\"modify\" name=\"员工薪酬档级修改\" activiti:assignee=\"${apply}\"/>\r\n    <userTask id=\"audit\" name=\"薪酬主管初审\" activiti:assignee=\"thinkgem\"/>\r\n    <exclusiveGateway id=\"sid-C28BB5F6-013D-4570-B432-61B380C1F46F\"/>\r\n    <userTask id=\"audit2\" name=\"集团人力资源部部长审核\" activiti:assignee=\"thinkgem\"/>\r\n    <exclusiveGateway id=\"sid-ED46FE41-A0FD-496D-86DC-2C97AF5735F0\"/>\r\n    <sequenceFlow id=\"sid-EF2F51BB-1D99-4F0B-ACF2-B6C1300A7D2B\" sourceRef=\"audit2\" targetRef=\"sid-ED46FE41-A0FD-496D-86DC-2C97AF5735F0\"/>\r\n    <userTask id=\"audit3\" name=\"集团人力资源部分管领导审核\" activiti:assignee=\"thinkgem\"/>\r\n    <exclusiveGateway id=\"sid-FE485B2D-9A23-4236-BD0D-D788CA6E30E4\"/>\r\n    <sequenceFlow id=\"sid-3DBCD661-5720-4480-8156-748BE0275FEF\" sourceRef=\"audit3\" targetRef=\"sid-FE485B2D-9A23-4236-BD0D-D788CA6E30E4\"/>\r\n    <userTask id=\"audit4\" name=\"集团总经理审批\" activiti:assignee=\"thinkgem\"/>\r\n    <exclusiveGateway id=\"sid-3F53B6BD-F8F3-496B-AC08-50630BD11477\"/>\r\n    <userTask id=\"apply_end\" name=\"薪酬档级兑现\" activiti:assignee=\"thinkgem\"/>\r\n    <sequenceFlow id=\"sid-02DB2AD9-1332-4198-AC8D-22A35169D15C\" sourceRef=\"audit4\" targetRef=\"sid-3F53B6BD-F8F3-496B-AC08-50630BD11477\"/>\r\n    <sequenceFlow id=\"sid-2AB7C01A-50EE-4AAC-8C8F-F6E1935B3DA7\" sourceRef=\"audit\" targetRef=\"sid-C28BB5F6-013D-4570-B432-61B380C1F46F\"/>\r\n    <sequenceFlow id=\"sid-36E50C8B-6C7C-4968-B02D-EBAA425BF4BE\" sourceRef=\"start\" targetRef=\"audit\"/>\r\n    <sequenceFlow id=\"sid-7D723190-1432-411D-A4A4-774225E54CD9\" name=\"是\" sourceRef=\"sid-3F53B6BD-F8F3-496B-AC08-50630BD11477\" targetRef=\"apply_end\">\r\n      <conditionExpression xsi:type=\"tFormalExpression\"><![CDATA[${pass==1}]]></conditionExpression>\r\n    </sequenceFlow>\r\n    <sequenceFlow id=\"sid-D44CAD43-0271-4920-A524-9B8533E52550\" name=\"是\" sourceRef=\"sid-FE485B2D-9A23-4236-BD0D-D788CA6E30E4\" targetRef=\"audit4\">\r\n      <conditionExpression xsi:type=\"tFormalExpression\"><![CDATA[${pass==1}]]></conditionExpression>\r\n    </sequenceFlow>\r\n    <sequenceFlow id=\"sid-53258502-43EE-4DE8-B1A4-DBD11922B8AF\" name=\"否\" sourceRef=\"sid-C28BB5F6-013D-4570-B432-61B380C1F46F\" targetRef=\"modify\">\r\n      <conditionExpression xsi:type=\"tFormalExpression\"><![CDATA[${pass==0}]]></conditionExpression>\r\n    </sequenceFlow>\r\n    <exclusiveGateway id=\"sid-5FED02D6-C388-48C6-870E-097DB2131EA0\"/>\r\n    <sequenceFlow id=\"sid-163DBC60-DBC9-438B-971A-67738FB7715A\" sourceRef=\"modify\" targetRef=\"sid-5FED02D6-C388-48C6-870E-097DB2131EA0\"/>\r\n    <sequenceFlow id=\"sid-72258A41-203E-428C-B71D-CA3506252D73\" name=\"是\" sourceRef=\"sid-C28BB5F6-013D-4570-B432-61B380C1F46F\" targetRef=\"audit2\">\r\n      <conditionExpression xsi:type=\"tFormalExpression\"><![CDATA[${pass==1}]]></conditionExpression>\r\n    </sequenceFlow>\r\n    <sequenceFlow id=\"sid-8448EF4A-B62E-4899-ABC2-0E2DB2AE6838\" name=\"重新申请\" sourceRef=\"sid-5FED02D6-C388-48C6-870E-097DB2131EA0\" targetRef=\"audit\">\r\n      <conditionExpression xsi:type=\"tFormalExpression\"><![CDATA[${pass==1}]]></conditionExpression>\r\n    </sequenceFlow>\r\n    <sequenceFlow id=\"sid-A7589084-4623-4FEA-A774-00A70DDC1D20\" name=\"是\" sourceRef=\"sid-ED46FE41-A0FD-496D-86DC-2C97AF5735F0\" targetRef=\"audit3\">\r\n      <conditionExpression xsi:type=\"tFormalExpression\"><![CDATA[${pass==1}]]></conditionExpression>\r\n    </sequenceFlow>\r\n    <sequenceFlow id=\"sid-FA618636-3708-4D0C-8514-29A4BB8BC926\" name=\"否\" sourceRef=\"sid-ED46FE41-A0FD-496D-86DC-2C97AF5735F0\" targetRef=\"modify\">\r\n      <conditionExpression xsi:type=\"tFormalExpression\"><![CDATA[${pass==0}]]></conditionExpression>\r\n    </sequenceFlow>\r\n    <sequenceFlow id=\"sid-1525BFF4-3E9D-4D8A-BF80-1F63AFE16289\" name=\"否\" sourceRef=\"sid-FE485B2D-9A23-4236-BD0D-D788CA6E30E4\" targetRef=\"modify\">\r\n      <conditionExpression xsi:type=\"tFormalExpression\"><![CDATA[${pass==0}]]></conditionExpression>\r\n    </sequenceFlow>\r\n    <sequenceFlow id=\"sid-35CC8C6C-1067-4398-991C-CCF955115965\" name=\"否\" sourceRef=\"sid-3F53B6BD-F8F3-496B-AC08-50630BD11477\" targetRef=\"modify\">\r\n      <conditionExpression xsi:type=\"tFormalExpression\"><![CDATA[${pass==0}]]></conditionExpression>\r\n    </sequenceFlow>\r\n    <sequenceFlow id=\"sid-BDB0AAB2-7E50-4D35-80EE-CE0BECDD9F57\" sourceRef=\"apply_end\" targetRef=\"end\"/>\r\n    <sequenceFlow id=\"sid-44AFB9C1-4057-4C48-B1F2-1EC897A52CB7\" name=\"销毁\" sourceRef=\"sid-5FED02D6-C388-48C6-870E-097DB2131EA0\" targetRef=\"end\">\r\n      <conditionExpression xsi:type=\"tFormalExpression\"><![CDATA[${pass==0}]]></conditionExpression>\r\n    </sequenceFlow>\r\n  </process>\r\n  <bpmndi:BPMNDiagram id=\"BPMNDiagram_test_audit\">\r\n    <bpmndi:BPMNPlane bpmnElement=\"test_audit\" id=\"BPMNPlane_test_audit\">\r\n      <bpmndi:BPMNShape bpmnElement=\"start\" id=\"BPMNShape_start\">\r\n        <omgdc:Bounds height=\"30.0\" width=\"30.0\" x=\"30.0\" y=\"245.0\"/>\r\n      </bpmndi:BPMNShape>\r\n      <bpmndi:BPMNShape bpmnElement=\"end\" id=\"BPMNShape_end\">\r\n        <omgdc:Bounds height=\"28.0\" width=\"28.0\" x=\"975.0\" y=\"356.0\"/>\r\n      </bpmndi:BPMNShape>\r\n      <bpmndi:BPMNShape bpmnElement=\"modify\" id=\"BPMNShape_modify\">\r\n        <omgdc:Bounds height=\"58.0\" width=\"102.0\" x=\"209.0\" y=\"135.0\"/>\r\n      </bpmndi:BPMNShape>\r\n      <bpmndi:BPMNShape bpmnElement=\"audit\" id=\"BPMNShape_audit\">\r\n        <omgdc:Bounds height=\"57.0\" width=\"96.0\" x=\"105.0\" y=\"231.5\"/>\r\n      </bpmndi:BPMNShape>\r\n      <bpmndi:BPMNShape bpmnElement=\"sid-C28BB5F6-013D-4570-B432-61B380C1F46F\" id=\"BPMNShape_sid-C28BB5F6-013D-4570-B432-61B380C1F46F\">\r\n        <omgdc:Bounds height=\"40.0\" width=\"40.0\" x=\"240.0\" y=\"240.0\"/>\r\n      </bpmndi:BPMNShape>\r\n      <bpmndi:BPMNShape bpmnElement=\"audit2\" id=\"BPMNShape_audit2\">\r\n        <omgdc:Bounds height=\"80.0\" width=\"100.0\" x=\"210.0\" y=\"330.0\"/>\r\n      </bpmndi:BPMNShape>\r\n      <bpmndi:BPMNShape bpmnElement=\"sid-ED46FE41-A0FD-496D-86DC-2C97AF5735F0\" id=\"BPMNShape_sid-ED46FE41-A0FD-496D-86DC-2C97AF5735F0\">\r\n        <omgdc:Bounds height=\"40.0\" width=\"40.0\" x=\"345.0\" y=\"350.0\"/>\r\n      </bpmndi:BPMNShape>\r\n      <bpmndi:BPMNShape bpmnElement=\"audit3\" id=\"BPMNShape_audit3\">\r\n        <omgdc:Bounds height=\"80.0\" width=\"100.0\" x=\"420.0\" y=\"330.0\"/>\r\n      </bpmndi:BPMNShape>\r\n      <bpmndi:BPMNShape bpmnElement=\"sid-FE485B2D-9A23-4236-BD0D-D788CA6E30E4\" id=\"BPMNShape_sid-FE485B2D-9A23-4236-BD0D-D788CA6E30E4\">\r\n        <omgdc:Bounds height=\"40.0\" width=\"40.0\" x=\"555.0\" y=\"350.0\"/>\r\n      </bpmndi:BPMNShape>\r\n      <bpmndi:BPMNShape bpmnElement=\"audit4\" id=\"BPMNShape_audit4\">\r\n        <omgdc:Bounds height=\"80.0\" width=\"100.0\" x=\"630.0\" y=\"330.0\"/>\r\n      </bpmndi:BPMNShape>\r\n      <bpmndi:BPMNShape bpmnElement=\"sid-3F53B6BD-F8F3-496B-AC08-50630BD11477\" id=\"BPMNShape_sid-3F53B6BD-F8F3-496B-AC08-50630BD11477\">\r\n        <omgdc:Bounds height=\"40.0\" width=\"40.0\" x=\"765.0\" y=\"350.0\"/>\r\n      </bpmndi:BPMNShape>\r\n      <bpmndi:BPMNShape bpmnElement=\"apply_end\" id=\"BPMNShape_apply_end\">\r\n        <omgdc:Bounds height=\"80.0\" width=\"100.0\" x=\"840.0\" y=\"330.0\"/>\r\n      </bpmndi:BPMNShape>\r\n      <bpmndi:BPMNShape bpmnElement=\"sid-5FED02D6-C388-48C6-870E-097DB2131EA0\" id=\"BPMNShape_sid-5FED02D6-C388-48C6-870E-097DB2131EA0\">\r\n        <omgdc:Bounds height=\"40.0\" width=\"40.0\" x=\"240.0\" y=\"45.0\"/>\r\n      </bpmndi:BPMNShape>\r\n      <bpmndi:BPMNEdge bpmnElement=\"sid-3DBCD661-5720-4480-8156-748BE0275FEF\" id=\"BPMNEdge_sid-3DBCD661-5720-4480-8156-748BE0275FEF\">\r\n        <omgdi:waypoint x=\"520.0\" y=\"370.0\"/>\r\n        <omgdi:waypoint x=\"555.0\" y=\"370.0\"/>\r\n      </bpmndi:BPMNEdge>\r\n      <bpmndi:BPMNEdge bpmnElement=\"sid-44AFB9C1-4057-4C48-B1F2-1EC897A52CB7\" id=\"BPMNEdge_sid-44AFB9C1-4057-4C48-B1F2-1EC897A52CB7\">\r\n        <omgdi:waypoint x=\"280.0\" y=\"65.0\"/>\r\n        <omgdi:waypoint x=\"989.0\" y=\"65.0\"/>\r\n        <omgdi:waypoint x=\"989.0\" y=\"356.0\"/>\r\n      </bpmndi:BPMNEdge>\r\n      <bpmndi:BPMNEdge bpmnElement=\"sid-8448EF4A-B62E-4899-ABC2-0E2DB2AE6838\" id=\"BPMNEdge_sid-8448EF4A-B62E-4899-ABC2-0E2DB2AE6838\">\r\n        <omgdi:waypoint x=\"240.0\" y=\"65.0\"/>\r\n        <omgdi:waypoint x=\"153.0\" y=\"65.0\"/>\r\n        <omgdi:waypoint x=\"153.0\" y=\"231.5\"/>\r\n      </bpmndi:BPMNEdge>\r\n      <bpmndi:BPMNEdge bpmnElement=\"sid-A7589084-4623-4FEA-A774-00A70DDC1D20\" id=\"BPMNEdge_sid-A7589084-4623-4FEA-A774-00A70DDC1D20\">\r\n        <omgdi:waypoint x=\"385.0\" y=\"370.0\"/>\r\n        <omgdi:waypoint x=\"420.0\" y=\"370.0\"/>\r\n      </bpmndi:BPMNEdge>\r\n      <bpmndi:BPMNEdge bpmnElement=\"sid-35CC8C6C-1067-4398-991C-CCF955115965\" id=\"BPMNEdge_sid-35CC8C6C-1067-4398-991C-CCF955115965\">\r\n        <omgdi:waypoint x=\"785.0\" y=\"350.0\"/>\r\n        <omgdi:waypoint x=\"785.0\" y=\"164.0\"/>\r\n        <omgdi:waypoint x=\"311.0\" y=\"164.0\"/>\r\n      </bpmndi:BPMNEdge>\r\n      <bpmndi:BPMNEdge bpmnElement=\"sid-EF2F51BB-1D99-4F0B-ACF2-B6C1300A7D2B\" id=\"BPMNEdge_sid-EF2F51BB-1D99-4F0B-ACF2-B6C1300A7D2B\">\r\n        <omgdi:waypoint x=\"310.0\" y=\"370.0\"/>\r\n        <omgdi:waypoint x=\"345.0\" y=\"370.0\"/>\r\n      </bpmndi:BPMNEdge>\r\n      <bpmndi:BPMNEdge bpmnElement=\"sid-7D723190-1432-411D-A4A4-774225E54CD9\" id=\"BPMNEdge_sid-7D723190-1432-411D-A4A4-774225E54CD9\">\r\n        <omgdi:waypoint x=\"805.0\" y=\"370.0\"/>\r\n        <omgdi:waypoint x=\"840.0\" y=\"370.0\"/>\r\n      </bpmndi:BPMNEdge>\r\n      <bpmndi:BPMNEdge bpmnElement=\"sid-2AB7C01A-50EE-4AAC-8C8F-F6E1935B3DA7\" id=\"BPMNEdge_sid-2AB7C01A-50EE-4AAC-8C8F-F6E1935B3DA7\">\r\n        <omgdi:waypoint x=\"201.0\" y=\"260.0\"/>\r\n        <omgdi:waypoint x=\"240.0\" y=\"260.0\"/>\r\n      </bpmndi:BPMNEdge>\r\n      <bpmndi:BPMNEdge bpmnElement=\"sid-D44CAD43-0271-4920-A524-9B8533E52550\" id=\"BPMNEdge_sid-D44CAD43-0271-4920-A524-9B8533E52550\">\r\n        <omgdi:waypoint x=\"595.0\" y=\"370.0\"/>\r\n        <omgdi:waypoint x=\"630.0\" y=\"370.0\"/>\r\n      </bpmndi:BPMNEdge>\r\n      <bpmndi:BPMNEdge bpmnElement=\"sid-FA618636-3708-4D0C-8514-29A4BB8BC926\" id=\"BPMNEdge_sid-FA618636-3708-4D0C-8514-29A4BB8BC926\">\r\n        <omgdi:waypoint x=\"365.0\" y=\"350.0\"/>\r\n        <omgdi:waypoint x=\"365.0\" y=\"164.0\"/>\r\n        <omgdi:waypoint x=\"311.0\" y=\"164.0\"/>\r\n      </bpmndi:BPMNEdge>\r\n      <bpmndi:BPMNEdge bpmnElement=\"sid-02DB2AD9-1332-4198-AC8D-22A35169D15C\" id=\"BPMNEdge_sid-02DB2AD9-1332-4198-AC8D-22A35169D15C\">\r\n        <omgdi:waypoint x=\"730.0\" y=\"370.0\"/>\r\n        <omgdi:waypoint x=\"765.0\" y=\"370.0\"/>\r\n      </bpmndi:BPMNEdge>\r\n      <bpmndi:BPMNEdge bpmnElement=\"sid-36E50C8B-6C7C-4968-B02D-EBAA425BF4BE\" id=\"BPMNEdge_sid-36E50C8B-6C7C-4968-B02D-EBAA425BF4BE\">\r\n        <omgdi:waypoint x=\"60.0\" y=\"260.0\"/>\r\n        <omgdi:waypoint x=\"105.0\" y=\"260.0\"/>\r\n      </bpmndi:BPMNEdge>\r\n      <bpmndi:BPMNEdge bpmnElement=\"sid-53258502-43EE-4DE8-B1A4-DBD11922B8AF\" id=\"BPMNEdge_sid-53258502-43EE-4DE8-B1A4-DBD11922B8AF\">\r\n        <omgdi:waypoint x=\"260.0\" y=\"240.0\"/>\r\n        <omgdi:waypoint x=\"260.0\" y=\"193.0\"/>\r\n      </bpmndi:BPMNEdge>\r\n      <bpmndi:BPMNEdge bpmnElement=\"sid-163DBC60-DBC9-438B-971A-67738FB7715A\" id=\"BPMNEdge_sid-163DBC60-DBC9-438B-971A-67738FB7715A\">\r\n        <omgdi:waypoint x=\"260.0\" y=\"135.0\"/>\r\n        <omgdi:waypoint x=\"260.0\" y=\"85.0\"/>\r\n      </bpmndi:BPMNEdge>\r\n      <bpmndi:BPMNEdge bpmnElement=\"sid-BDB0AAB2-7E50-4D35-80EE-CE0BECDD9F57\" id=\"BPMNEdge_sid-BDB0AAB2-7E50-4D35-80EE-CE0BECDD9F57\">\r\n        <omgdi:waypoint x=\"940.0\" y=\"370.0\"/>\r\n        <omgdi:waypoint x=\"975.0\" y=\"370.0\"/>\r\n      </bpmndi:BPMNEdge>\r\n      <bpmndi:BPMNEdge bpmnElement=\"sid-1525BFF4-3E9D-4D8A-BF80-1F63AFE16289\" id=\"BPMNEdge_sid-1525BFF4-3E9D-4D8A-BF80-1F63AFE16289\">\r\n        <omgdi:waypoint x=\"575.0\" y=\"350.0\"/>\r\n        <omgdi:waypoint x=\"575.0\" y=\"164.0\"/>\r\n        <omgdi:waypoint x=\"311.0\" y=\"164.0\"/>\r\n      </bpmndi:BPMNEdge>\r\n      <bpmndi:BPMNEdge bpmnElement=\"sid-72258A41-203E-428C-B71D-CA3506252D73\" id=\"BPMNEdge_sid-72258A41-203E-428C-B71D-CA3506252D73\">\r\n        <omgdi:waypoint x=\"260.0\" y=\"280.0\"/>\r\n        <omgdi:waypoint x=\"260.0\" y=\"330.0\"/>\r\n      </bpmndi:BPMNEdge>\r\n    </bpmndi:BPMNPlane>\r\n  </bpmndi:BPMNDiagram>\r\n</definitions>',0),('4a61d6bbfdb042d997d0188faaf6a8b0',1,'test_audit.png','36b766f3413e48f79e943333ea85efb6','PNG\r\n\Z\n\0\0\0\rIHDR\0\0\0\0|\0\0\0=ӳ\0\0SIDATx|TSh˲leծZ14XK]RVV\"Z/\"\Z1c\nĀD.Ic1fEc>903I2IL^\\\\2>s>sΜ1\0\0\0\0\0\0\0\0\0\0\0\0\0\0\0\0\0\0\0\0\0\0\0/\0\0\0\0\0+,e\0\0\0\0\0 ެ/J%\0\0\0\0smɖ-ܟt\0\0\0\0yvk\0\0\0\0V$Tn\0\0\0\0\0l[k\r\0\0\0\0@mvz\0\0\0\0\0m=\0\0\0\0κ=\0\0\0\0\0Q~\0\0\0\0\0fvgK7\0\0\0\0=̺q 5\0\0\0\0@ox4R߶6݁nG\r\0\0\0\0ͶjUMgmDN7\0\0\0\0k[jMgz\r\0\0\0\06vBMͶo\0\0\0\0֦;f?3\r\0\0\0\0fnG;m\0\0\0\0tfvG\0\0\0\0\0a[5i}n\r\0\0\0\0],ά6kլ)M^v#ݲ]e]I((*ʪάjrzpohE;p\ZUdƙuY}xyڤ-m@\r\0\0h$} ý2[:h76Al5ڋͺC3Nwtn\0\0\0t\'Jցgr+ood`(/G)(\0\0\0dw\nlg|D6ݭ5vk\0\0@wyjy>jmskͶΦޭ}\0\0\0\04zK#9@|gO@[ltۏG\r\0\0\0\'RCHyB&h{F8|g\0\0\0hN$^lho=<6Z?\0\0\0&G/+8l#|w/fyO}ޮ\r\0\0\0t[YgƉYsx¦(\0\0\0hNgxp\"!9Vt4ݝݼ\0\0\0L֛syp\"48:y8nF\0\0\0GV^ˀI>at\0\0\0>\'%+n\0\0\0\0`&zD\0\0\0C`f:?\0\0\0\0Cmf7r\0\0\0~0trM\r\0\0\0Nnh\0\0\0!0йY\0\0\0\0C\'ʲU/^\n\0\0\0~0t8\\[\0\0\0!0Щ2$\0\0\078u.\0\0\0i|\0\0\0o]xy\0\0\0\0!0>m\"^\0\0\0~0|\0\0\0J\0\0\0!0\0\0\0X+\0\0\0ulƼ\0\0\0:6``^\0\0\0c\0\0\0:6\0c^\0\0\0`00\0\0\0\0ֱ\0\n\0\0\0``1\0\0\0\0\rW\0\0\0\0`y\0\0\0\r0W\0\0\0\0X+\0\0\0ul0\0\0\0X`+\0\0\0\0c\0\0\0:6``^\0\0\0c0\0\0\0\0ֱ\0\n\0\0\0`00\0\0\0\0ֱ\n\0\0\0\0`y\0\0\0\rW\0\0\0\0\0y\0\0\0\r0W\0\0\0\0`y\0\0\0\rW\0\0\0\0\0y\0\0\0ul0\0\0\0X+\0\0\0ulƼ\0\0\0:6``^\0\0\0c\0\0\0:6\0c^\0\0\0`00\0\0\0\0ֱ\0\n\0\0\0``1\0\0\0\0\rW\0\0\0\0`y\0\0\0\r0W\0\0\0\0X,RSRRfN8qolllC޽:PP={lͿ#\0\0\0\0-[vȑ#cbbԜ9U~~jh:,**Tϩ6_L\0\0\0@?XJM}e}~TRj4&*HSO=&\0\0\0!0پTQv	\nq}Üc\0\0\0\0˖-Glm3?W-]\Z3&A\Zuk\r#UfQSN`r\0\0\0RG>)y7^bR5ԭ5v̍*>Z5tjn:ޫW<b\0\0\0!0\"\\J11?R.W5zU¨xhpH~aWMwlΩ>Ss=\0\0\0&NwΜ\'Ff5bxza|VJy1IoپjP}v{;c5mڽ;YH\0\0\0@?XҐc6z\r\'TmT>sC?S\'oջ0gN\0\0\0!0\"X޽UCfW߬*.ڢvoUw;vlW=P/q=\0\0\0R_6+j֬jo&BU]vPo5_Tǋ\0\0\0\0Ϋ\Z?Wֽbc?TNϫJKՐ/UNU\r\r5=b\0\0\0!0S}wL!]\r\Zj{eU*?WW^24{W^Wo>6\0\0\0\r1n٤k[켼͌thXDxJzY̼P]{5^AuX\0\0~hc~D.ź-P\'S;IQ3gV=ģf~7~:^,\0\0\0@?XT4_8%\rݬH{U7|?;;	ܳsu-M	jsVՉł\r\0\0\0C`EE}ԩ{G~y8Pˮ*.nzkwi^AuX\0\0~h?*7S_~J|i0:5bj+TܕCPѾQǎEO{{ł\r\0\0\0C`EE}\nb\0\0\0!0\nb\0\0\0!0>LY`\0\0\0`Qp\nb\0\0\0!0>DY`\0\0\0`Qp¬X\0\0~hPaVmwO@<\0\0@?XX7¬Zwhm]\0\0\0C`w]亅guW/+)6_ffs:\'u}z[۔zKϚ5c͟?K>thuUU[G7{fUVkj\n\r38Zii\0\0@?X7ܟ\reYY+.5y̆H;rsrٳJN\\nݧl6o3<CO[]U?`n\Z?j[iv+z>ϕ+_pN߿CWkiyLgϞ}_r~ʔtþ/^/\'zѣϾGsE͘1lշ[gu\\(\0\0\0~m-LL|Loٲ.m.*6_Çyy*}^[ΟrJo|o6wJ}cX[ԡC˗,KF`euuoA\ZyH.55[YXmذyegRUnn~r^?w9?PÆ]|/zm[i\0\0@?X4iVeeԞ=٪cݡDx?kS999N5\nu\';lb6OR@<O-\\\\w7xF.W*/߬/KM}N?VEşuҗ-R_y ^*T|(q瓛z]2c}yN׆F((wՙǬl1+ެ^C`IýY-Y2O]tѿ-[֨իn=A}^nSXIK^/e--=c^&%=gPO˦N`}W^=}cc&\\]]Wx\\m:=}vfz+m=[oˏ-Sk֤U|}O~2H}oy.\\nߗL\'P\\2lW{=\\X5sw5Ƭ5YIfc#i##~j?iVr]wRNK[B{^.0j_W_]~d.+vԻ\\_<4ٖUU^+ӧηLo\Z~?8zt}|mmiWNҧ\\&7^O.[Ih74|OX윗\rjfg>\Z7AVta;Gf}aL^#~nY۝ӧu]f~o\'u}qv#+rWWv\\_/^,(V̦bUSnV*ýld?V))oذT7&ݦnJy\nש.P7&<j6{}Ǝ^zk,o#Tv\nhzMn_GYY~_\0ww-\raYڝrý,9x?\0̆Y\'P[JK75fC[m6Ʈ\rkkZ?ljv7ǟKr򓺡ݷony.ifl?>8vy^r>`ZHg[Oy\\~wBV_`3\\nuefϞ/^[op&ߟ˲Vr\0O+GIx?\0ĆcuH]\r\rÇKM72e<ڞ{n}Z*--:z}CWz,ZC%#ÆlSUFFJM}F?}܇w^u?µ	4V]r?&8lM}[x{kc=c6{uP7o{VjժQCS^1}?VrdkeK#\0G\0`pW{UN\nݼtlvfڴM\Z?>j8_w||II>r}h;Kojr)(x6<<u}|w&O;c?0mת[oۗWTdB7z1&}jp\Z9C`E\\QDUSӇ2MK{q\'IbqtH29x?\0\nq\'G#TS!fN;\"萭,\ZJ**J{W>\07C`ETfni#\0Q./@?X4TU;9:)@sT\0~1\rTU;-:)\09@?t\nq G\09Н\Z0+\Zn\0 G\0y,*\Z2*̊\09@^\0{/fE\r /`EEý\n@\0r0MYp G\09`OlvQaR_}UϜ5. /`E|(?RaR?9kv\'\0 G\0y,]ue̙JF5vUiI$O\0@\0X0˵f7<=zT&< G\09`&%=H5fUKYK\0#03O/*ZAۅt9/u1y@\0r0G9wk{Qc·1	\09@^\0¦l޼>;ݡζnl@\0t6g~LeM/lh(1䧿h;\'\0 G\0y{Ԭ9fm5z)m8 /`!eY/y\0r09d+˚W		 G\0@^\0C4﮽<\09`!ve!O\09@\0:&h~P2w@\0#vuۮq<	 G\0@^\0Cdz<\09`^K[.7y\0r0NY4<\09``^1\0#00<@\00W`\09``^1\0#00<@\00W`\09``^1\0#00<@\00W` G\0``^1\0#00<@\00W` G\0``^1\0#00<@\00W` G\0``^1\0r00<@\00W` G\0N,k@T;yXy#\\4cxXy#^vvYxXy#ސ\Zq<,<@\0rwٺ\0# /@.7fa\0@\0rd\Zlfa\0@\0ry4	,<@\0tlfa\0@\0r\ra0\0 G\09\"g);%%eĉ6;pQ-TϞ=;?>|FHF@\0#tc˖-gȑ111jΜ*??O54|eQAnEE*195p5_Yy#\0 /Lj+맒^P.W46QXɋT>}:Soba\0@\0#tf.PEE[Uyy۷?,G\09@\0ҽ,[ٲ]Tl\n]^tKj̘5jQ7ďTɋMGSN9^y#\0 /h({kꓒ7O~U+/U>JzX]cܨUC^8^z0\0 G\0@^TJ11?R.W6zU¨xhpH~aWMwlԜq,<\0r(4qℽs<i6_7櫬2TʋIzU#Qmii΂D`\09KҐc6\r\'TmT>sC?S\'oջ0gN`\09Kݻjhl\0cRE[Ԏj]rzǎ{%9\\d%XR G\0@^Rfr]͚5SM$URRۣk׮j}f<xޖj{uě%GeO!v,r䥛4u^Z5SUQzp}^UZZ\\~z}ujhW7HO-[?f\r#\0 /ݤS}wL!]\r\Zj{eU*?WW^24{W^Wo>Wķnr\0rhk9u&[dmVofF{%ŋTϪg=kFoIh;,rQfgZͪpYiLk(nc~D.ź-P\'S;IQ3gV=ģf~7~^Qf-,rQqfZM+ff N1V#dMoքlpJ\Zn	oYn~v5wg[1朷o(Fp[\0 G\04/DgUn5ӽ4[ͺ \ZNݻM=Zv%WqqCԯ\'[KKeo(b-f\r#\0ܼ7EW>~ek}UoS*auj+СW+f}ߣT+P:{8\0rDh^d%^Iwu>BuQEJkH /!2jc:~c-fEo(}qt#\0HS,ǝԺAp\"\rg3No0|oǁX@\0D@^H3OcwFv7*P|DKtM7+8\090΋wk!*BP} nfۮnVp\0r#\0aK[ Eo(`sKMSLwY@\0Y^\ncV`~0m\rֱNtmٽ@EW8ďh+kkJ#3ss:\'\'M6={6^yޮ}vO>Mc]fggVgyF甔yڅhOZllf G\09yYkm!~Li°+Ulj={9f3\\?1q48ZަV:eU10}Z.-eZ\'םrJС=zYg^4U];V~+*TMM[&O3}qqplҤ_8qq?է6lX;ܠ_.n[v[@Mwv66\n@\0r \"w_ǌ10n=jn?mwg̘ޫ8K#}^\ZriZƎAMfzz?WJ_ǲo3qmzZii׫k{yxȑ԰aC~ކZX^fs]nk{m^0i[j:lw /άCx\rp{nՌs75Ym6sij6F;Ʃҍi32m]]JOOQ.|Z_._]xUl<שIn7jyz4eriime,lO^<gyrZz.n隚mof\reMwGmߦt#TEb)vܶ*_7!kC_/=MJzB]WJN/:Y=u_4YY?{\'[o}ڲe~WС]sX?-R[[ٯhkLn[;\"ɺ>,cY@\0Zl@4[,#߾R]~Ŏv;I.+4gu:&Xn#_r`UPG~Z[WzA_ov8۶S\'WR8˗\'i]=72**r2DǏ&#e#F\\lݾQA}hiiw[~;p#¼֛)xIU\\i6K}^@UW8]L//+ԁ;Tzznkj;popnsctC&Mle3Nf߾m}TU*//j9mWzݷ?oiiu;ذ:|=M7f G\09y(Ǜ\"l/読-T˗?cf;_{zws3ON~J9lj\r\"}Yccutro}\rwKяaq^lZkj\nå몪q6Ч=K͘1]c7ܭ\r&[tsrVp\0r#\0a~孖>\rwMejZMjJIqڹp~0e*#%ܾNCfe7.G֮໛=/ǵ/w[[Xߦ\\.m=t;ۭNw C~@XeYPt3HJPa6Kutpڙ.:_R>r,75}LSPf6}P%&>b6睊SSM6Q*,\\N;u^f8ߪkTQWu~.a[j<DXimskͶΦޭ}SVp\0r#\0ᑗ\\#t[ä!\Z3HWSSUDz|C	vMx4۬\0 G\0(/^nf+;!r.}C-ݾwi;>wY@\0i^jV#wr]EuQEOy6miVnO#ĘuЬtZ?(gRR]T{4vo#%DŜf^wB *.(xC:X@\0q^&YqgmԺGa)E%o(twvVp\0r#l-g|Z}jb)UAuQEJGwg7r\09@Kvַ\"}A4zꢊ7U\0rDQ^n\Zo-|	:ݺt9 ѬjўdD[h˩.(|C	vpv#g\r#\0Ҽ0Zwfe]cy)Eo(mmUg}\09@\0\rwEIf6@\0#Dyýꢊn,r䥻4{.nf6@\0#t\'|w\r\rf\nq}U>s0$m\09@\0mCKpZYkaO\0r᪫.[7gT,B\\c^fvG\09@\0mA|r	m}ңG\nsı0\0 G\0@^T?,MJz&85fUK͗>G\09@\0yiEE+hCPKכA.fa\0@\0#Ds94\'ѣG=y#\0 /ݷ>7Nwgڍ} G\0@^A={~/O=<e-7mz`CC!\rs;ꫯ[h;0\0 G\0@^K͚cV\ZIW.;_q)# G\0yy /\0Xy#\00\0r\0\0r#\0`a\0@\0r\0,<\0r\0,G\0@\0G\09@^\00\0 G\0@^\00` G\09\0` G\0y\0# G\0yy /\0Xy#\00\0r#\0\0\0r#\0`a\0@\0r\0,<@\0\0,G\0@\0G\09@^\00\0 G\09@^\00`\09\0` G\0y\0#\0yy#\0 /\0X0x	\0r#\0`a\0@\0r\0`a<\0r\0,G\0@\0G\09@^\00\0 G\0@^\0[j\'/l G\0y!fZi2\0r\0n.2/l G\0y!-4xyX`\09]n6[Y`\09]n G\0@^\0tL,r@hx9X`\09c,r@\'\Z6@\0#\0*z̜8q؆޽{-*ٳwgÇhQ#rD9\"/@7lٲ{FY̙TCW;%cQQJL|N\r8{͗bVpE9\"G#DWO%%\\FsaDJN^թz+8\"G#rDyx|B[*DU^^{~\"G9\"G#rDЭ,[hpyҥ/1cԨQ׫믿F?R%/Jj6*/߫N9/ߝO#rD9\"G#tr #OJz<WXT(u-cusV\rzZPT?իW+8\"G#rDyDJ11?R.WhQz|\r#ϮSÇ]i.cMOu>OY\n99\"G#rD^(0qℽs<i.nV#ǩWYoe\'W/.ח~oGMw9KY!G9\"G#rDbc4fu~nyGeiZjZF}\\շ~vTwsd\'+8\"G#rDy@޽UC悡Y=6!U\\E(ުv*%wخ{!_2YbQ#rD9\"/@(erf͚f*))Tѵk5V3O}~oK|9\"G#rDyY]Uu^S?UUUj嗪WϚݞjC(rD9\"G p6aCcUMuzlݼQeGJKB;Mt啗o\n99\"G#rD^Z0sjM7eaY+/Q//^^xV=3i}/-T^3Bm|{}P/VpE9\"G#DՂN=6w\0^XגUy>#jߪ\'x\\(gͼ>+8\"G#rDyjS`i,?G͝zٹz,1朷T\'+8\"G#rDyj|ԩ{G~y8]U\\	zbQ#rD9\"Ysnv\Z\0]0UoS*auj+СW+G;=+8\"G#rDQb;{&\n999\"GelՋ	z&\n999\"G\riGk|\n╀K G9\"G#rDrwٺ\ro7*L*JWp¬$rD#rD9\"G(l.7ڿ`>DIE\nNJlQ,\nڌ_rD9\"G䈊e\Zl:k|\n\0[p#rD9)Gq\rw~Ղ\0&E+8	\'##rD9\"Ga.7[-JIE\nN[W^i#rD9\"=G̺ϬfUUo\rf}bw3iMZ*L*\nVpR\"G\"G%?k5֪oZ)MO0_i]]0~9\"G#*rcVvMjT@TTttwHߝK9\"GQHͳj\'uY}i5Ⱥn%\\>bk7x*L*BWpZ; M#rD(rD(rwt}{2w\n>knY`#rD9\"GT$hO\\ifܮܧfK7|IK߶m>}奩#ɓCMtWmܸ\\ee-S-=\\7mڝm~^W\';755@׆\rs߷o%%TYY>-?jVr͞9*~}#h`{fi\r\"5:E91w#_}湆h\0JKAQze_N{3<C-\\3<o߿?kӧTK-t\rm~nP]}ulHc TWn6,^~o\'ޢlF?;~rs_Ӗ/X^.X.B}}/sOedvC9\na_QQ#ƸmϦܧp|\\j;Vt;̗={w7\n?,=}R\\ib6\n[\"MM>:#GVKJ2u3Q\\.{W׿Lr}e2<Çwgi5kUL\06rmߦ:#pưxNԖϕ&z\\Iߡ#G(GTh#*r4ŝ|޻k9p|qUW\Z0ZN9z{Un:L&ݪO{n{^FJM2\\YNӟv)fðPUW=vS{7Si6ZzNر9eiyfzizk}>R#GJi+*6jkhFwuѧ+}ܻsh@+VVZZ7}#;t\n]#rDE]<n\'x`+7o\\bՕ7oSa\ZU^Qw-syyY@g[֖ș\'%ӧ9a*&_)jKٳp+.^o/[<wl64VY=--ɹy}bc]M6l24Ygi6;mױ#DXIbJN[Wn|WrbwV\n]#rDEUǷ>\'\'bh\0`M:tðjszW҇_{Zwp>o_$46V@-}Vnjee&2ْ8b^ee-ѻN_jҤ[tfdy:Tܷ@n#MI\\7ȑX[_B`GqmM[W2Z[	v?-m}9\"G!u#*rttY\'xZ^0WXlS+ԵƪoZ;yTSLΗӷlkeRoɒW[rzGZ|~23]v	^mܸTԾꫯpNoذؙn=\\[UV9;1!ܦ~~}Tq23SZ_B`+OFݍ.JNvnJN[_+rDQr9m{Ɇt2Cɓow> :ARnѷ|<ɩ(/[_r}8U]Yh!y^2PS\'[}m~7iٳ>טEw2孜YOtɃ3}̾Y	 e9%ySO=S-[^WӦZ=Zqȳ	t6@4XMM+yY-t7tm~i\n.;z\\`h^z\\{ll_9竪6y4Gv;w?V=uX\'z\n+n?leB6C_~>OnrlY/yyZwт\\ii%+7}>\'\"G GR2f}̦yuԧG̙^\"o/{V?\n!{c̀=T}d:vԹ)V/LH/)S~d^Vʿ_&ݬ^\'qqR6d}\\99fnKQs>Og1>Ƈ>=\'LZ7ͯ1j75y^Ϟ[Aɋ}ʰ!]Ӳ\r\'WoW^6m{_0Q3>􂹲MU]mB텤45U8ӺWrmo)6~q7lH|\\.ᬳ?#E^ey.\nGnt}칤=ZuNi^&%=ohkm&S`ic<c6U]`d4>ӑߕ0z9\"G!ȑ=d{oY	2`dYƗ)1zsz\\trB{͛5dѾ>?OscriY_yX[%km%ssP~^ع8jtrܨ,Q6g/̖26导\'uG9/cGz5vfKJ%KV^#=N,x:F.$W9CƬ>j٢!m][r:r{sbط&c+}OX\rZ^0bS;m229/+\n\n}^VOS7%WeÇ镆´As|zSOlҵ\'oP۶[,x={tX<Rseew^ۗK54\rD>L5wO\ZՆf+㫇-	Un9\"GHрdԿd=F4Şq\Z5jqz>܏d79\r!?T_O_yC6<\Zˬg<p\'-𞙐9R˽5o>-9e\Z|f/+ݤ~R\0yE^cJ=w1F?45lȴQϲ-kf62vRSǪIv&ͼ}{~GN{~RlL7/~y<}~< ]Z.$t5]kG.j8oQ}9\"G\'8Guu;ߍZ\Z}r͕xx>\nݫ|777j+Z\ntsؿkGi2-v+cef:/_>l8\ZVHo4k<Ka?W9oKc?vi\Z.Lx?jӼhg\\IId,\'\'?f}i])z7u{z{ldڳj=spLmCa.z󹺛˔z^3y~?c7Х\rTT-}߬}W&twV_rDB֑̅_RV=cP?|>>Kδgy$_O۷ii\Z(}\nc뮛>^=Zh6[l-}ڕ\\yo6>w7m^k6?uɷ_LW\\&L4#o9\"GT]~9cMƿ.+{K9眭3NdO-sɳSG_iݲ7;e֖uVS߱g[;cyifOz|ԸPˇ\0˗_SZIq[z<CRܯƕ\rG|چ<snGӯY9ظ:ҫ.%V*Y%KEfbӑOԊӕGm1XgBN==tbN<<2JԆ\rUFF3^nqgӾ\ȓܑai)Νfm_Mr,oc7ܕoY-3><ǝ־Wͼ3[\'+j֬8%+Gl5Ƨܷ?r=vH_;(h*=˵Yns~䯊_w>1,rWWokLd\'cW M{k8\'\rXIne\r\r\nWol۶j[|`[7r9c_wsFΟ?hy?(@6JJ&yZ`}J|s%~d-\\>rHțf.Svt3.i)Y`w9oY+MлC9-ׅ	т-$5mwQbt_Ue5/;㡴4t;˸*-Y\"#Y[\n$&>?Oe2)s-o?ֹ#Gљzo7֑G:-i%o\r6QuI]qY?At7\rf~L{zόUTd1(mGl#sǲ*H;%t\'ߢOG͘qr\\Ok]e߱v\"G?1CLz[>ܲǅwȑ-zN2;[r{Culj78pW?سΘ</{QƱGl߳IɠڙSF\rtm]:|@76rҟc}j^+~GkLŃ~~s}DӺ:Enh(QYY6sgԴ\'$hVnvػ9/[m/ԧ.,\\eHqn^u^+I;\'՗ٗK`FVdAi:oyxZʲl#Gѝ#x1{>\"sܸp_?ty}~GnuéoYqe?uw[$yq7ǧu7e޲eE]ƶǷjɸs26w#ޏw{lxCǹ^Ɨj2SSfF(_ws]3Leek_Hul1~;ƨ.u{r\ZL\'л\ZGrYe?m{{CZ¬2td[[fybwCs!N7vsr}mݠc:/!o6a>^mYhM+9㍋;i7|Ĉ˼.v̕_蕓ŋ[g̘\\f-=GY\ZsEsfYb=i9![4|Wi-p9nͳC(e2/_>a_ekt6<KnaǕi~)w~dq_+u՗7{_H 9i$(\rD.	8SFr9?~ݨQc%_,^Wƅ{ik~c_,͂3^qkN|+\'r?ؙVri=s\"+Dꩧq޿쪨xypC(x?\'1xY`ۮDL6^/eoߟTjz!wHk^zz\ZCf^IZq8]_Zyhl,>}Aa?\\Ȋl-,.^e,c?3eww;J `DMrs_6W۪Usu;cƯ͕e`ildliu72%era?*/_lWUw}YIDڽ`OXu55\n2+/9G,G<Ʒl샧]lߊ.56p̻CV.Nssus!Wj~L[u;\'FkWndEn֧I^Ӯ^=1xQ߿}{149W-++mY1Z](jKsTWM{\rIQUi6;yFX5]m&_7zx<>LEn˖ea;rrD~D9j|輟+7n2\0]!zo#xp)xj&޴vKo\"x9=um\"}Z}D._}o޼\"<rrCD\nJF?{jDm}n@p؋ԤIc81{&o[߁]wCNJ/_s2#t~6wQ#c\nl;tK`-`.\rY56y4ֵuցd^q𼼗nw.UG<s)\'\rɖfa#ƚ+-mi]\'8I\\;Ͼ455ϖ!Z\'VptƖ8kXȑw,mۖY4,^-jvVV+W>\n\n\rALUWg6yo=KQ9bvy-[ۻ{s6]`nhp\\j\n{[nrr^qf$#9\'l\nima8aϝ\'GTx:`%W\"*Gv6穦}`ذoqH{YVVRiz^h;;;CΝ1,uC&42w#r&|n9-Rt܇#V@4ܲUK{nmMo\ZyEo}\"-co	nw^娴5j{Yr>jiػw^h횝wzJK#$26)A\0kl8ܑ##rDQP[c]4YVC.[eAm0ܻ{ޮκ\r`vt\ZAE H69\nN#G\"G\"Gmcx=;\0f!nx9\"G#rDhmV\nўdp4r3]bwA\ZG(rD9\"Guf=`Z>1阮{w{8\0,PE\r9\"G#rDh\0,#hBG9\"G#\0fa+7#rD9h`fܥ+9IQrC9\"G#\0f]&E9\"G#\04ՇQ#rD9@M`9\"G G\"G\0X0`999bL(rrD@\0f#rrD@(r3f#rDEE\0`X0###r3ł##`̂QQ\0f39.\'|w\r\r,àj>s\"G\"G G@<Ǉ`ZYQI(rD(rrD\0Dlݜ9SY0A{U9K\"G\"G G@0˵c\'=z0gIQ19%aiR҃,ƌj9+r\"G##r :ꋊV_ޜͺH(rD99\"G\0O9wΡ_(ѣ|0E@9NyXdL(rrD@aPϞ9SOrM^<9v1ODQ+iw{݈Q#\0̥f1kY\rf)2ܿ(?Q+E@9\0\0\0\0\0\0\0\0\0\0\0\0\0\0\0\0\0\0\0\0\0\0\0\0\0\0\0\0\0\0\0\0\0\0\0\0\0\0\0\0\0\0\0\0\0\0\0\0\0\0\096BX\0\0\0\0IENDB`',0);

/*Table structure for table `act_ge_property` */

DROP TABLE IF EXISTS `act_ge_property`;

CREATE TABLE `act_ge_property` (
  `NAME_` varchar(64) COLLATE utf8_bin NOT NULL DEFAULT '',
  `VALUE_` varchar(300) COLLATE utf8_bin DEFAULT NULL,
  `REV_` int(11) DEFAULT NULL,
  PRIMARY KEY (`NAME_`)
) ENGINE=InnoDB DEFAULT CHARSET=utf8 COLLATE=utf8_bin;

/*Data for the table `act_ge_property` */

insert  into `act_ge_property`(`NAME_`,`VALUE_`,`REV_`) values ('next.dbid','1',1),('schema.history','create(5.15.1)',1),('schema.version','5.15.1',1);

/*Table structure for table `act_hi_actinst` */

DROP TABLE IF EXISTS `act_hi_actinst`;

CREATE TABLE `act_hi_actinst` (
  `ID_` varchar(64) COLLATE utf8_bin NOT NULL,
  `PROC_DEF_ID_` varchar(64) COLLATE utf8_bin NOT NULL,
  `PROC_INST_ID_` varchar(64) COLLATE utf8_bin NOT NULL,
  `EXECUTION_ID_` varchar(64) COLLATE utf8_bin NOT NULL,
  `ACT_ID_` varchar(255) COLLATE utf8_bin NOT NULL,
  `TASK_ID_` varchar(64) COLLATE utf8_bin DEFAULT NULL,
  `CALL_PROC_INST_ID_` varchar(64) COLLATE utf8_bin DEFAULT NULL,
  `ACT_NAME_` varchar(255) COLLATE utf8_bin DEFAULT NULL,
  `ACT_TYPE_` varchar(255) COLLATE utf8_bin NOT NULL,
  `ASSIGNEE_` varchar(255) COLLATE utf8_bin DEFAULT NULL,
  `START_TIME_` datetime NOT NULL,
  `END_TIME_` datetime DEFAULT NULL,
  `DURATION_` bigint(20) DEFAULT NULL,
  `TENANT_ID_` varchar(255) COLLATE utf8_bin DEFAULT '',
  PRIMARY KEY (`ID_`),
  KEY `ACT_IDX_HI_ACT_INST_START` (`START_TIME_`),
  KEY `ACT_IDX_HI_ACT_INST_END` (`END_TIME_`),
  KEY `ACT_IDX_HI_ACT_INST_PROCINST` (`PROC_INST_ID_`,`ACT_ID_`),
  KEY `ACT_IDX_HI_ACT_INST_EXEC` (`EXECUTION_ID_`,`ACT_ID_`)
) ENGINE=InnoDB DEFAULT CHARSET=utf8 COLLATE=utf8_bin;

/*Data for the table `act_hi_actinst` */

/*Table structure for table `act_hi_attachment` */

DROP TABLE IF EXISTS `act_hi_attachment`;

CREATE TABLE `act_hi_attachment` (
  `ID_` varchar(64) COLLATE utf8_bin NOT NULL,
  `REV_` int(11) DEFAULT NULL,
  `USER_ID_` varchar(255) COLLATE utf8_bin DEFAULT NULL,
  `NAME_` varchar(255) COLLATE utf8_bin DEFAULT NULL,
  `DESCRIPTION_` varchar(4000) COLLATE utf8_bin DEFAULT NULL,
  `TYPE_` varchar(255) COLLATE utf8_bin DEFAULT NULL,
  `TASK_ID_` varchar(64) COLLATE utf8_bin DEFAULT NULL,
  `PROC_INST_ID_` varchar(64) COLLATE utf8_bin DEFAULT NULL,
  `URL_` varchar(4000) COLLATE utf8_bin DEFAULT NULL,
  `CONTENT_ID_` varchar(64) COLLATE utf8_bin DEFAULT NULL,
  PRIMARY KEY (`ID_`)
) ENGINE=InnoDB DEFAULT CHARSET=utf8 COLLATE=utf8_bin;

/*Data for the table `act_hi_attachment` */

/*Table structure for table `act_hi_comment` */

DROP TABLE IF EXISTS `act_hi_comment`;

CREATE TABLE `act_hi_comment` (
  `ID_` varchar(64) COLLATE utf8_bin NOT NULL,
  `TYPE_` varchar(255) COLLATE utf8_bin DEFAULT NULL,
  `TIME_` datetime NOT NULL,
  `USER_ID_` varchar(255) COLLATE utf8_bin DEFAULT NULL,
  `TASK_ID_` varchar(64) COLLATE utf8_bin DEFAULT NULL,
  `PROC_INST_ID_` varchar(64) COLLATE utf8_bin DEFAULT NULL,
  `ACTION_` varchar(255) COLLATE utf8_bin DEFAULT NULL,
  `MESSAGE_` varchar(4000) COLLATE utf8_bin DEFAULT NULL,
  `FULL_MSG_` longblob,
  PRIMARY KEY (`ID_`)
) ENGINE=InnoDB DEFAULT CHARSET=utf8 COLLATE=utf8_bin;

/*Data for the table `act_hi_comment` */

/*Table structure for table `act_hi_detail` */

DROP TABLE IF EXISTS `act_hi_detail`;

CREATE TABLE `act_hi_detail` (
  `ID_` varchar(64) COLLATE utf8_bin NOT NULL,
  `TYPE_` varchar(255) COLLATE utf8_bin NOT NULL,
  `PROC_INST_ID_` varchar(64) COLLATE utf8_bin DEFAULT NULL,
  `EXECUTION_ID_` varchar(64) COLLATE utf8_bin DEFAULT NULL,
  `TASK_ID_` varchar(64) COLLATE utf8_bin DEFAULT NULL,
  `ACT_INST_ID_` varchar(64) COLLATE utf8_bin DEFAULT NULL,
  `NAME_` varchar(255) COLLATE utf8_bin NOT NULL,
  `VAR_TYPE_` varchar(255) COLLATE utf8_bin DEFAULT NULL,
  `REV_` int(11) DEFAULT NULL,
  `TIME_` datetime NOT NULL,
  `BYTEARRAY_ID_` varchar(64) COLLATE utf8_bin DEFAULT NULL,
  `DOUBLE_` double DEFAULT NULL,
  `LONG_` bigint(20) DEFAULT NULL,
  `TEXT_` varchar(4000) COLLATE utf8_bin DEFAULT NULL,
  `TEXT2_` varchar(4000) COLLATE utf8_bin DEFAULT NULL,
  PRIMARY KEY (`ID_`),
  KEY `ACT_IDX_HI_DETAIL_PROC_INST` (`PROC_INST_ID_`),
  KEY `ACT_IDX_HI_DETAIL_ACT_INST` (`ACT_INST_ID_`),
  KEY `ACT_IDX_HI_DETAIL_TIME` (`TIME_`),
  KEY `ACT_IDX_HI_DETAIL_NAME` (`NAME_`),
  KEY `ACT_IDX_HI_DETAIL_TASK_ID` (`TASK_ID_`)
) ENGINE=InnoDB DEFAULT CHARSET=utf8 COLLATE=utf8_bin;

/*Data for the table `act_hi_detail` */

/*Table structure for table `act_hi_identitylink` */

DROP TABLE IF EXISTS `act_hi_identitylink`;

CREATE TABLE `act_hi_identitylink` (
  `ID_` varchar(64) COLLATE utf8_bin NOT NULL DEFAULT '',
  `GROUP_ID_` varchar(255) COLLATE utf8_bin DEFAULT NULL,
  `TYPE_` varchar(255) COLLATE utf8_bin DEFAULT NULL,
  `USER_ID_` varchar(255) COLLATE utf8_bin DEFAULT NULL,
  `TASK_ID_` varchar(64) COLLATE utf8_bin DEFAULT NULL,
  `PROC_INST_ID_` varchar(64) COLLATE utf8_bin DEFAULT NULL,
  PRIMARY KEY (`ID_`),
  KEY `ACT_IDX_HI_IDENT_LNK_USER` (`USER_ID_`),
  KEY `ACT_IDX_HI_IDENT_LNK_TASK` (`TASK_ID_`),
  KEY `ACT_IDX_HI_IDENT_LNK_PROCINST` (`PROC_INST_ID_`)
) ENGINE=InnoDB DEFAULT CHARSET=utf8 COLLATE=utf8_bin;

/*Data for the table `act_hi_identitylink` */

/*Table structure for table `act_hi_procinst` */

DROP TABLE IF EXISTS `act_hi_procinst`;

CREATE TABLE `act_hi_procinst` (
  `ID_` varchar(64) COLLATE utf8_bin NOT NULL,
  `PROC_INST_ID_` varchar(64) COLLATE utf8_bin NOT NULL,
  `BUSINESS_KEY_` varchar(255) COLLATE utf8_bin DEFAULT NULL,
  `PROC_DEF_ID_` varchar(64) COLLATE utf8_bin NOT NULL,
  `START_TIME_` datetime NOT NULL,
  `END_TIME_` datetime DEFAULT NULL,
  `DURATION_` bigint(20) DEFAULT NULL,
  `START_USER_ID_` varchar(255) COLLATE utf8_bin DEFAULT NULL,
  `START_ACT_ID_` varchar(255) COLLATE utf8_bin DEFAULT NULL,
  `END_ACT_ID_` varchar(255) COLLATE utf8_bin DEFAULT NULL,
  `SUPER_PROCESS_INSTANCE_ID_` varchar(64) COLLATE utf8_bin DEFAULT NULL,
  `DELETE_REASON_` varchar(4000) COLLATE utf8_bin DEFAULT NULL,
  `TENANT_ID_` varchar(255) COLLATE utf8_bin DEFAULT '',
  PRIMARY KEY (`ID_`),
  UNIQUE KEY `PROC_INST_ID_` (`PROC_INST_ID_`),
  KEY `ACT_IDX_HI_PRO_INST_END` (`END_TIME_`),
  KEY `ACT_IDX_HI_PRO_I_BUSKEY` (`BUSINESS_KEY_`)
) ENGINE=InnoDB DEFAULT CHARSET=utf8 COLLATE=utf8_bin;

/*Data for the table `act_hi_procinst` */

/*Table structure for table `act_hi_taskinst` */

DROP TABLE IF EXISTS `act_hi_taskinst`;

CREATE TABLE `act_hi_taskinst` (
  `ID_` varchar(64) COLLATE utf8_bin NOT NULL,
  `PROC_DEF_ID_` varchar(64) COLLATE utf8_bin DEFAULT NULL,
  `TASK_DEF_KEY_` varchar(255) COLLATE utf8_bin DEFAULT NULL,
  `PROC_INST_ID_` varchar(64) COLLATE utf8_bin DEFAULT NULL,
  `EXECUTION_ID_` varchar(64) COLLATE utf8_bin DEFAULT NULL,
  `NAME_` varchar(255) COLLATE utf8_bin DEFAULT NULL,
  `PARENT_TASK_ID_` varchar(64) COLLATE utf8_bin DEFAULT NULL,
  `DESCRIPTION_` varchar(4000) COLLATE utf8_bin DEFAULT NULL,
  `OWNER_` varchar(255) COLLATE utf8_bin DEFAULT NULL,
  `ASSIGNEE_` varchar(255) COLLATE utf8_bin DEFAULT NULL,
  `START_TIME_` datetime NOT NULL,
  `CLAIM_TIME_` datetime DEFAULT NULL,
  `END_TIME_` datetime DEFAULT NULL,
  `DURATION_` bigint(20) DEFAULT NULL,
  `DELETE_REASON_` varchar(4000) COLLATE utf8_bin DEFAULT NULL,
  `PRIORITY_` int(11) DEFAULT NULL,
  `DUE_DATE_` datetime DEFAULT NULL,
  `FORM_KEY_` varchar(255) COLLATE utf8_bin DEFAULT NULL,
  `CATEGORY_` varchar(255) COLLATE utf8_bin DEFAULT NULL,
  `TENANT_ID_` varchar(255) COLLATE utf8_bin DEFAULT '',
  PRIMARY KEY (`ID_`)
) ENGINE=InnoDB DEFAULT CHARSET=utf8 COLLATE=utf8_bin;

/*Data for the table `act_hi_taskinst` */

/*Table structure for table `act_hi_varinst` */

DROP TABLE IF EXISTS `act_hi_varinst`;

CREATE TABLE `act_hi_varinst` (
  `ID_` varchar(64) COLLATE utf8_bin NOT NULL,
  `PROC_INST_ID_` varchar(64) COLLATE utf8_bin DEFAULT NULL,
  `EXECUTION_ID_` varchar(64) COLLATE utf8_bin DEFAULT NULL,
  `TASK_ID_` varchar(64) COLLATE utf8_bin DEFAULT NULL,
  `NAME_` varchar(255) COLLATE utf8_bin NOT NULL,
  `VAR_TYPE_` varchar(100) COLLATE utf8_bin DEFAULT NULL,
  `REV_` int(11) DEFAULT NULL,
  `BYTEARRAY_ID_` varchar(64) COLLATE utf8_bin DEFAULT NULL,
  `DOUBLE_` double DEFAULT NULL,
  `LONG_` bigint(20) DEFAULT NULL,
  `TEXT_` varchar(4000) COLLATE utf8_bin DEFAULT NULL,
  `TEXT2_` varchar(4000) COLLATE utf8_bin DEFAULT NULL,
  `CREATE_TIME_` datetime DEFAULT NULL,
  `LAST_UPDATED_TIME_` datetime DEFAULT NULL,
  PRIMARY KEY (`ID_`),
  KEY `ACT_IDX_HI_PROCVAR_PROC_INST` (`PROC_INST_ID_`),
  KEY `ACT_IDX_HI_PROCVAR_NAME_TYPE` (`NAME_`,`VAR_TYPE_`)
) ENGINE=InnoDB DEFAULT CHARSET=utf8 COLLATE=utf8_bin;

/*Data for the table `act_hi_varinst` */

/*Table structure for table `act_id_group` */

DROP TABLE IF EXISTS `act_id_group`;

CREATE TABLE `act_id_group` (
  `ID_` varchar(64) COLLATE utf8_bin NOT NULL DEFAULT '',
  `REV_` int(11) DEFAULT NULL,
  `NAME_` varchar(255) COLLATE utf8_bin DEFAULT NULL,
  `TYPE_` varchar(255) COLLATE utf8_bin DEFAULT NULL,
  PRIMARY KEY (`ID_`)
) ENGINE=InnoDB DEFAULT CHARSET=utf8 COLLATE=utf8_bin;

/*Data for the table `act_id_group` */

/*Table structure for table `act_id_info` */

DROP TABLE IF EXISTS `act_id_info`;

CREATE TABLE `act_id_info` (
  `ID_` varchar(64) COLLATE utf8_bin NOT NULL DEFAULT '',
  `REV_` int(11) DEFAULT NULL,
  `USER_ID_` varchar(64) COLLATE utf8_bin DEFAULT NULL,
  `TYPE_` varchar(64) COLLATE utf8_bin DEFAULT NULL,
  `KEY_` varchar(255) COLLATE utf8_bin DEFAULT NULL,
  `VALUE_` varchar(255) COLLATE utf8_bin DEFAULT NULL,
  `PASSWORD_` longblob,
  `PARENT_ID_` varchar(255) COLLATE utf8_bin DEFAULT NULL,
  PRIMARY KEY (`ID_`)
) ENGINE=InnoDB DEFAULT CHARSET=utf8 COLLATE=utf8_bin;

/*Data for the table `act_id_info` */

/*Table structure for table `act_id_membership` */

DROP TABLE IF EXISTS `act_id_membership`;

CREATE TABLE `act_id_membership` (
  `USER_ID_` varchar(64) COLLATE utf8_bin NOT NULL DEFAULT '',
  `GROUP_ID_` varchar(64) COLLATE utf8_bin NOT NULL DEFAULT '',
  PRIMARY KEY (`USER_ID_`,`GROUP_ID_`),
  KEY `ACT_FK_MEMB_GROUP` (`GROUP_ID_`),
  CONSTRAINT `ACT_FK_MEMB_GROUP` FOREIGN KEY (`GROUP_ID_`) REFERENCES `act_id_group` (`ID_`),
  CONSTRAINT `ACT_FK_MEMB_USER` FOREIGN KEY (`USER_ID_`) REFERENCES `act_id_user` (`ID_`)
) ENGINE=InnoDB DEFAULT CHARSET=utf8 COLLATE=utf8_bin;

/*Data for the table `act_id_membership` */

/*Table structure for table `act_id_user` */

DROP TABLE IF EXISTS `act_id_user`;

CREATE TABLE `act_id_user` (
  `ID_` varchar(64) COLLATE utf8_bin NOT NULL DEFAULT '',
  `REV_` int(11) DEFAULT NULL,
  `FIRST_` varchar(255) COLLATE utf8_bin DEFAULT NULL,
  `LAST_` varchar(255) COLLATE utf8_bin DEFAULT NULL,
  `EMAIL_` varchar(255) COLLATE utf8_bin DEFAULT NULL,
  `PWD_` varchar(255) COLLATE utf8_bin DEFAULT NULL,
  `PICTURE_ID_` varchar(64) COLLATE utf8_bin DEFAULT NULL,
  PRIMARY KEY (`ID_`)
) ENGINE=InnoDB DEFAULT CHARSET=utf8 COLLATE=utf8_bin;

/*Data for the table `act_id_user` */

/*Table structure for table `act_re_deployment` */

DROP TABLE IF EXISTS `act_re_deployment`;

CREATE TABLE `act_re_deployment` (
  `ID_` varchar(64) COLLATE utf8_bin NOT NULL DEFAULT '',
  `NAME_` varchar(255) COLLATE utf8_bin DEFAULT NULL,
  `CATEGORY_` varchar(255) COLLATE utf8_bin DEFAULT NULL,
  `TENANT_ID_` varchar(255) COLLATE utf8_bin DEFAULT '',
  `DEPLOY_TIME_` timestamp NOT NULL DEFAULT CURRENT_TIMESTAMP ON UPDATE CURRENT_TIMESTAMP,
  PRIMARY KEY (`ID_`)
) ENGINE=InnoDB DEFAULT CHARSET=utf8 COLLATE=utf8_bin;

/*Data for the table `act_re_deployment` */

insert  into `act_re_deployment`(`ID_`,`NAME_`,`CATEGORY_`,`TENANT_ID_`,`DEPLOY_TIME_`) values ('36b766f3413e48f79e943333ea85efb6','SpringAutoDeployment',NULL,'','2016-06-21 17:35:21');

/*Table structure for table `act_re_model` */

DROP TABLE IF EXISTS `act_re_model`;

CREATE TABLE `act_re_model` (
  `ID_` varchar(64) COLLATE utf8_bin NOT NULL,
  `REV_` int(11) DEFAULT NULL,
  `NAME_` varchar(255) COLLATE utf8_bin DEFAULT NULL,
  `KEY_` varchar(255) COLLATE utf8_bin DEFAULT NULL,
  `CATEGORY_` varchar(255) COLLATE utf8_bin DEFAULT NULL,
  `CREATE_TIME_` timestamp NULL DEFAULT NULL,
  `LAST_UPDATE_TIME_` timestamp NULL DEFAULT NULL,
  `VERSION_` int(11) DEFAULT NULL,
  `META_INFO_` varchar(4000) COLLATE utf8_bin DEFAULT NULL,
  `DEPLOYMENT_ID_` varchar(64) COLLATE utf8_bin DEFAULT NULL,
  `EDITOR_SOURCE_VALUE_ID_` varchar(64) COLLATE utf8_bin DEFAULT NULL,
  `EDITOR_SOURCE_EXTRA_VALUE_ID_` varchar(64) COLLATE utf8_bin DEFAULT NULL,
  `TENANT_ID_` varchar(255) COLLATE utf8_bin DEFAULT '',
  PRIMARY KEY (`ID_`),
  KEY `ACT_FK_MODEL_SOURCE` (`EDITOR_SOURCE_VALUE_ID_`),
  KEY `ACT_FK_MODEL_SOURCE_EXTRA` (`EDITOR_SOURCE_EXTRA_VALUE_ID_`),
  KEY `ACT_FK_MODEL_DEPLOYMENT` (`DEPLOYMENT_ID_`),
  CONSTRAINT `ACT_FK_MODEL_DEPLOYMENT` FOREIGN KEY (`DEPLOYMENT_ID_`) REFERENCES `act_re_deployment` (`ID_`),
  CONSTRAINT `ACT_FK_MODEL_SOURCE` FOREIGN KEY (`EDITOR_SOURCE_VALUE_ID_`) REFERENCES `act_ge_bytearray` (`ID_`),
  CONSTRAINT `ACT_FK_MODEL_SOURCE_EXTRA` FOREIGN KEY (`EDITOR_SOURCE_EXTRA_VALUE_ID_`) REFERENCES `act_ge_bytearray` (`ID_`)
) ENGINE=InnoDB DEFAULT CHARSET=utf8 COLLATE=utf8_bin;

/*Data for the table `act_re_model` */

/*Table structure for table `act_re_procdef` */

DROP TABLE IF EXISTS `act_re_procdef`;

CREATE TABLE `act_re_procdef` (
  `ID_` varchar(64) COLLATE utf8_bin NOT NULL,
  `REV_` int(11) DEFAULT NULL,
  `CATEGORY_` varchar(255) COLLATE utf8_bin DEFAULT NULL,
  `NAME_` varchar(255) COLLATE utf8_bin DEFAULT NULL,
  `KEY_` varchar(255) COLLATE utf8_bin NOT NULL,
  `VERSION_` int(11) NOT NULL,
  `DEPLOYMENT_ID_` varchar(64) COLLATE utf8_bin DEFAULT NULL,
  `RESOURCE_NAME_` varchar(4000) COLLATE utf8_bin DEFAULT NULL,
  `DGRM_RESOURCE_NAME_` varchar(4000) COLLATE utf8_bin DEFAULT NULL,
  `DESCRIPTION_` varchar(4000) COLLATE utf8_bin DEFAULT NULL,
  `HAS_START_FORM_KEY_` tinyint(4) DEFAULT NULL,
  `SUSPENSION_STATE_` int(11) DEFAULT NULL,
  `TENANT_ID_` varchar(255) COLLATE utf8_bin DEFAULT '',
  PRIMARY KEY (`ID_`),
  UNIQUE KEY `ACT_UNIQ_PROCDEF` (`KEY_`,`VERSION_`,`TENANT_ID_`)
) ENGINE=InnoDB DEFAULT CHARSET=utf8 COLLATE=utf8_bin;

/*Data for the table `act_re_procdef` */

insert  into `act_re_procdef`(`ID_`,`REV_`,`CATEGORY_`,`NAME_`,`KEY_`,`VERSION_`,`DEPLOYMENT_ID_`,`RESOURCE_NAME_`,`DGRM_RESOURCE_NAME_`,`DESCRIPTION_`,`HAS_START_FORM_KEY_`,`SUSPENSION_STATE_`,`TENANT_ID_`) values ('test_audit:1:2caa6b64ad3c4331bf7701df2d18afa8',1,'http://www.activiti.org/test','流程审批测试流程','test_audit',1,'36b766f3413e48f79e943333ea85efb6','test_audit.bpmn20.xml','test_audit.png',NULL,1,1,'');

/*Table structure for table `act_ru_event_subscr` */

DROP TABLE IF EXISTS `act_ru_event_subscr`;

CREATE TABLE `act_ru_event_subscr` (
  `ID_` varchar(64) COLLATE utf8_bin NOT NULL,
  `REV_` int(11) DEFAULT NULL,
  `EVENT_TYPE_` varchar(255) COLLATE utf8_bin NOT NULL,
  `EVENT_NAME_` varchar(255) COLLATE utf8_bin DEFAULT NULL,
  `EXECUTION_ID_` varchar(64) COLLATE utf8_bin DEFAULT NULL,
  `PROC_INST_ID_` varchar(64) COLLATE utf8_bin DEFAULT NULL,
  `ACTIVITY_ID_` varchar(64) COLLATE utf8_bin DEFAULT NULL,
  `CONFIGURATION_` varchar(255) COLLATE utf8_bin DEFAULT NULL,
  `CREATED_` timestamp NOT NULL DEFAULT CURRENT_TIMESTAMP,
  `PROC_DEF_ID_` varchar(64) COLLATE utf8_bin DEFAULT NULL,
  `TENANT_ID_` varchar(255) COLLATE utf8_bin DEFAULT '',
  PRIMARY KEY (`ID_`),
  KEY `ACT_IDX_EVENT_SUBSCR_CONFIG_` (`CONFIGURATION_`),
  KEY `ACT_FK_EVENT_EXEC` (`EXECUTION_ID_`),
  CONSTRAINT `ACT_FK_EVENT_EXEC` FOREIGN KEY (`EXECUTION_ID_`) REFERENCES `act_ru_execution` (`ID_`)
) ENGINE=InnoDB DEFAULT CHARSET=utf8 COLLATE=utf8_bin;

/*Data for the table `act_ru_event_subscr` */

/*Table structure for table `act_ru_execution` */

DROP TABLE IF EXISTS `act_ru_execution`;

CREATE TABLE `act_ru_execution` (
  `ID_` varchar(64) COLLATE utf8_bin NOT NULL DEFAULT '',
  `REV_` int(11) DEFAULT NULL,
  `PROC_INST_ID_` varchar(64) COLLATE utf8_bin DEFAULT NULL,
  `BUSINESS_KEY_` varchar(255) COLLATE utf8_bin DEFAULT NULL,
  `PARENT_ID_` varchar(64) COLLATE utf8_bin DEFAULT NULL,
  `PROC_DEF_ID_` varchar(64) COLLATE utf8_bin DEFAULT NULL,
  `SUPER_EXEC_` varchar(64) COLLATE utf8_bin DEFAULT NULL,
  `ACT_ID_` varchar(255) COLLATE utf8_bin DEFAULT NULL,
  `IS_ACTIVE_` tinyint(4) DEFAULT NULL,
  `IS_CONCURRENT_` tinyint(4) DEFAULT NULL,
  `IS_SCOPE_` tinyint(4) DEFAULT NULL,
  `IS_EVENT_SCOPE_` tinyint(4) DEFAULT NULL,
  `SUSPENSION_STATE_` int(11) DEFAULT NULL,
  `CACHED_ENT_STATE_` int(11) DEFAULT NULL,
  `TENANT_ID_` varchar(255) COLLATE utf8_bin DEFAULT '',
  PRIMARY KEY (`ID_`),
  KEY `ACT_IDX_EXEC_BUSKEY` (`BUSINESS_KEY_`),
  KEY `ACT_FK_EXE_PROCINST` (`PROC_INST_ID_`),
  KEY `ACT_FK_EXE_PARENT` (`PARENT_ID_`),
  KEY `ACT_FK_EXE_SUPER` (`SUPER_EXEC_`),
  KEY `ACT_FK_EXE_PROCDEF` (`PROC_DEF_ID_`),
  CONSTRAINT `ACT_FK_EXE_PARENT` FOREIGN KEY (`PARENT_ID_`) REFERENCES `act_ru_execution` (`ID_`),
  CONSTRAINT `ACT_FK_EXE_PROCDEF` FOREIGN KEY (`PROC_DEF_ID_`) REFERENCES `act_re_procdef` (`ID_`),
  CONSTRAINT `ACT_FK_EXE_PROCINST` FOREIGN KEY (`PROC_INST_ID_`) REFERENCES `act_ru_execution` (`ID_`) ON DELETE CASCADE ON UPDATE CASCADE,
  CONSTRAINT `ACT_FK_EXE_SUPER` FOREIGN KEY (`SUPER_EXEC_`) REFERENCES `act_ru_execution` (`ID_`)
) ENGINE=InnoDB DEFAULT CHARSET=utf8 COLLATE=utf8_bin;

/*Data for the table `act_ru_execution` */

/*Table structure for table `act_ru_identitylink` */

DROP TABLE IF EXISTS `act_ru_identitylink`;

CREATE TABLE `act_ru_identitylink` (
  `ID_` varchar(64) COLLATE utf8_bin NOT NULL DEFAULT '',
  `REV_` int(11) DEFAULT NULL,
  `GROUP_ID_` varchar(255) COLLATE utf8_bin DEFAULT NULL,
  `TYPE_` varchar(255) COLLATE utf8_bin DEFAULT NULL,
  `USER_ID_` varchar(255) COLLATE utf8_bin DEFAULT NULL,
  `TASK_ID_` varchar(64) COLLATE utf8_bin DEFAULT NULL,
  `PROC_INST_ID_` varchar(64) COLLATE utf8_bin DEFAULT NULL,
  `PROC_DEF_ID_` varchar(64) COLLATE utf8_bin DEFAULT NULL,
  PRIMARY KEY (`ID_`),
  KEY `ACT_IDX_IDENT_LNK_USER` (`USER_ID_`),
  KEY `ACT_IDX_IDENT_LNK_GROUP` (`GROUP_ID_`),
  KEY `ACT_IDX_ATHRZ_PROCEDEF` (`PROC_DEF_ID_`),
  KEY `ACT_FK_TSKASS_TASK` (`TASK_ID_`),
  KEY `ACT_FK_IDL_PROCINST` (`PROC_INST_ID_`),
  CONSTRAINT `ACT_FK_ATHRZ_PROCEDEF` FOREIGN KEY (`PROC_DEF_ID_`) REFERENCES `act_re_procdef` (`ID_`),
  CONSTRAINT `ACT_FK_IDL_PROCINST` FOREIGN KEY (`PROC_INST_ID_`) REFERENCES `act_ru_execution` (`ID_`),
  CONSTRAINT `ACT_FK_TSKASS_TASK` FOREIGN KEY (`TASK_ID_`) REFERENCES `act_ru_task` (`ID_`)
) ENGINE=InnoDB DEFAULT CHARSET=utf8 COLLATE=utf8_bin;

/*Data for the table `act_ru_identitylink` */

/*Table structure for table `act_ru_job` */

DROP TABLE IF EXISTS `act_ru_job`;

CREATE TABLE `act_ru_job` (
  `ID_` varchar(64) COLLATE utf8_bin NOT NULL,
  `REV_` int(11) DEFAULT NULL,
  `TYPE_` varchar(255) COLLATE utf8_bin NOT NULL,
  `LOCK_EXP_TIME_` timestamp NULL DEFAULT NULL,
  `LOCK_OWNER_` varchar(255) COLLATE utf8_bin DEFAULT NULL,
  `EXCLUSIVE_` tinyint(1) DEFAULT NULL,
  `EXECUTION_ID_` varchar(64) COLLATE utf8_bin DEFAULT NULL,
  `PROCESS_INSTANCE_ID_` varchar(64) COLLATE utf8_bin DEFAULT NULL,
  `PROC_DEF_ID_` varchar(64) COLLATE utf8_bin DEFAULT NULL,
  `RETRIES_` int(11) DEFAULT NULL,
  `EXCEPTION_STACK_ID_` varchar(64) COLLATE utf8_bin DEFAULT NULL,
  `EXCEPTION_MSG_` varchar(4000) COLLATE utf8_bin DEFAULT NULL,
  `DUEDATE_` timestamp NULL DEFAULT NULL,
  `REPEAT_` varchar(255) COLLATE utf8_bin DEFAULT NULL,
  `HANDLER_TYPE_` varchar(255) COLLATE utf8_bin DEFAULT NULL,
  `HANDLER_CFG_` varchar(4000) COLLATE utf8_bin DEFAULT NULL,
  `TENANT_ID_` varchar(255) COLLATE utf8_bin DEFAULT '',
  PRIMARY KEY (`ID_`),
  KEY `ACT_FK_JOB_EXCEPTION` (`EXCEPTION_STACK_ID_`),
  CONSTRAINT `ACT_FK_JOB_EXCEPTION` FOREIGN KEY (`EXCEPTION_STACK_ID_`) REFERENCES `act_ge_bytearray` (`ID_`)
) ENGINE=InnoDB DEFAULT CHARSET=utf8 COLLATE=utf8_bin;

/*Data for the table `act_ru_job` */

/*Table structure for table `act_ru_task` */

DROP TABLE IF EXISTS `act_ru_task`;

CREATE TABLE `act_ru_task` (
  `ID_` varchar(64) COLLATE utf8_bin NOT NULL DEFAULT '',
  `REV_` int(11) DEFAULT NULL,
  `EXECUTION_ID_` varchar(64) COLLATE utf8_bin DEFAULT NULL,
  `PROC_INST_ID_` varchar(64) COLLATE utf8_bin DEFAULT NULL,
  `PROC_DEF_ID_` varchar(64) COLLATE utf8_bin DEFAULT NULL,
  `NAME_` varchar(255) COLLATE utf8_bin DEFAULT NULL,
  `PARENT_TASK_ID_` varchar(64) COLLATE utf8_bin DEFAULT NULL,
  `DESCRIPTION_` varchar(4000) COLLATE utf8_bin DEFAULT NULL,
  `TASK_DEF_KEY_` varchar(255) COLLATE utf8_bin DEFAULT NULL,
  `OWNER_` varchar(255) COLLATE utf8_bin DEFAULT NULL,
  `ASSIGNEE_` varchar(255) COLLATE utf8_bin DEFAULT NULL,
  `DELEGATION_` varchar(64) COLLATE utf8_bin DEFAULT NULL,
  `PRIORITY_` int(11) DEFAULT NULL,
  `CREATE_TIME_` timestamp NOT NULL DEFAULT CURRENT_TIMESTAMP ON UPDATE CURRENT_TIMESTAMP,
  `DUE_DATE_` datetime DEFAULT NULL,
  `CATEGORY_` varchar(255) COLLATE utf8_bin DEFAULT NULL,
  `SUSPENSION_STATE_` int(11) DEFAULT NULL,
  `TENANT_ID_` varchar(255) COLLATE utf8_bin DEFAULT '',
  PRIMARY KEY (`ID_`),
  KEY `ACT_IDX_TASK_CREATE` (`CREATE_TIME_`),
  KEY `ACT_FK_TASK_EXE` (`EXECUTION_ID_`),
  KEY `ACT_FK_TASK_PROCINST` (`PROC_INST_ID_`),
  KEY `ACT_FK_TASK_PROCDEF` (`PROC_DEF_ID_`),
  CONSTRAINT `ACT_FK_TASK_EXE` FOREIGN KEY (`EXECUTION_ID_`) REFERENCES `act_ru_execution` (`ID_`),
  CONSTRAINT `ACT_FK_TASK_PROCDEF` FOREIGN KEY (`PROC_DEF_ID_`) REFERENCES `act_re_procdef` (`ID_`),
  CONSTRAINT `ACT_FK_TASK_PROCINST` FOREIGN KEY (`PROC_INST_ID_`) REFERENCES `act_ru_execution` (`ID_`)
) ENGINE=InnoDB DEFAULT CHARSET=utf8 COLLATE=utf8_bin;

/*Data for the table `act_ru_task` */

/*Table structure for table `act_ru_variable` */

DROP TABLE IF EXISTS `act_ru_variable`;

CREATE TABLE `act_ru_variable` (
  `ID_` varchar(64) COLLATE utf8_bin NOT NULL,
  `REV_` int(11) DEFAULT NULL,
  `TYPE_` varchar(255) COLLATE utf8_bin NOT NULL,
  `NAME_` varchar(255) COLLATE utf8_bin NOT NULL,
  `EXECUTION_ID_` varchar(64) COLLATE utf8_bin DEFAULT NULL,
  `PROC_INST_ID_` varchar(64) COLLATE utf8_bin DEFAULT NULL,
  `TASK_ID_` varchar(64) COLLATE utf8_bin DEFAULT NULL,
  `BYTEARRAY_ID_` varchar(64) COLLATE utf8_bin DEFAULT NULL,
  `DOUBLE_` double DEFAULT NULL,
  `LONG_` bigint(20) DEFAULT NULL,
  `TEXT_` varchar(4000) COLLATE utf8_bin DEFAULT NULL,
  `TEXT2_` varchar(4000) COLLATE utf8_bin DEFAULT NULL,
  PRIMARY KEY (`ID_`),
  KEY `ACT_IDX_VARIABLE_TASK_ID` (`TASK_ID_`),
  KEY `ACT_FK_VAR_EXE` (`EXECUTION_ID_`),
  KEY `ACT_FK_VAR_PROCINST` (`PROC_INST_ID_`),
  KEY `ACT_FK_VAR_BYTEARRAY` (`BYTEARRAY_ID_`),
  CONSTRAINT `ACT_FK_VAR_BYTEARRAY` FOREIGN KEY (`BYTEARRAY_ID_`) REFERENCES `act_ge_bytearray` (`ID_`),
  CONSTRAINT `ACT_FK_VAR_EXE` FOREIGN KEY (`EXECUTION_ID_`) REFERENCES `act_ru_execution` (`ID_`),
  CONSTRAINT `ACT_FK_VAR_PROCINST` FOREIGN KEY (`PROC_INST_ID_`) REFERENCES `act_ru_execution` (`ID_`)
) ENGINE=InnoDB DEFAULT CHARSET=utf8 COLLATE=utf8_bin;

/*Data for the table `act_ru_variable` */

/*Table structure for table `businessinfo` */

DROP TABLE IF EXISTS `businessinfo`;

CREATE TABLE `businessinfo` (
  `id` varchar(64) DEFAULT NULL,
  `bus_id` varchar(64) DEFAULT NULL,
  `create_by` varchar(64) DEFAULT NULL,
  `create_date` timestamp NOT NULL DEFAULT CURRENT_TIMESTAMP ON UPDATE CURRENT_TIMESTAMP,
  `update_by` varchar(64) DEFAULT NULL,
  `update_date` timestamp NOT NULL DEFAULT '0000-00-00 00:00:00',
  `remarks` varchar(255) DEFAULT NULL,
  `del_flag` char(1) DEFAULT NULL
) ENGINE=InnoDB DEFAULT CHARSET=utf8;

/*Data for the table `businessinfo` */

insert  into `businessinfo`(`id`,`bus_id`,`create_by`,`create_date`,`update_by`,`update_date`,`remarks`,`del_flag`) values ('2acd13ddf3254e599d1b74181ac7e075','10001','1','2016-06-22 17:02:26','1','2016-06-22 15:18:03','昆明藏獒价格从数万跌至几千 宠物市场难见','1');

/*Table structure for table `cms_article` */

DROP TABLE IF EXISTS `cms_article`;

CREATE TABLE `cms_article` (
  `id` varchar(64) NOT NULL COMMENT '编号',
  `category_id` varchar(64) NOT NULL COMMENT '栏目编号',
  `title` varchar(255) NOT NULL COMMENT '标题',
  `link` varchar(255) DEFAULT NULL COMMENT '文章链接',
  `color` varchar(50) DEFAULT NULL COMMENT '标题颜色',
  `image` varchar(255) DEFAULT NULL COMMENT '文章图片',
  `keywords` varchar(255) DEFAULT NULL COMMENT '关键字',
  `description` varchar(255) DEFAULT NULL COMMENT '描述、摘要',
  `weight` int(11) DEFAULT '0' COMMENT '权重，越大越靠前',
  `weight_date` datetime DEFAULT NULL COMMENT '权重期限',
  `hits` int(11) DEFAULT '0' COMMENT '点击数',
  `posid` varchar(10) DEFAULT NULL COMMENT '推荐位，多选',
  `custom_content_view` varchar(255) DEFAULT NULL COMMENT '自定义内容视图',
  `view_config` text COMMENT '视图配置',
  `create_by` varchar(64) DEFAULT NULL COMMENT '创建者',
  `create_date` datetime DEFAULT NULL COMMENT '创建时间',
  `update_by` varchar(64) DEFAULT NULL COMMENT '更新者',
  `update_date` datetime DEFAULT NULL COMMENT '更新时间',
  `remarks` varchar(255) DEFAULT NULL COMMENT '备注信息',
  `del_flag` char(1) NOT NULL DEFAULT '0' COMMENT '删除标记',
  PRIMARY KEY (`id`),
  KEY `cms_article_create_by` (`create_by`),
  KEY `cms_article_title` (`title`),
  KEY `cms_article_keywords` (`keywords`),
  KEY `cms_article_del_flag` (`del_flag`),
  KEY `cms_article_weight` (`weight`),
  KEY `cms_article_update_date` (`update_date`),
  KEY `cms_article_category_id` (`category_id`)
) ENGINE=InnoDB DEFAULT CHARSET=utf8 COMMENT='文章表';

/*Data for the table `cms_article` */

insert  into `cms_article`(`id`,`category_id`,`title`,`link`,`color`,`image`,`keywords`,`description`,`weight`,`weight_date`,`hits`,`posid`,`custom_content_view`,`view_config`,`create_by`,`create_date`,`update_by`,`update_date`,`remarks`,`del_flag`) values ('1','3','文章标题标题标题标题',NULL,'green',NULL,'关键字1,关键字2',NULL,0,NULL,0,NULL,NULL,NULL,'1','2013-05-27 08:00:00','1','2013-05-27 08:00:00',NULL,'0'),('10','4','文章标题标题标题标题',NULL,NULL,NULL,'关键字1,关键字2',NULL,0,NULL,0,NULL,NULL,NULL,'1','2013-05-27 08:00:00','1','2013-05-27 08:00:00',NULL,'0'),('11','5','文章标题标题标题标题',NULL,NULL,NULL,'关键字1,关键字2',NULL,0,NULL,0,NULL,NULL,NULL,'1','2013-05-27 08:00:00','1','2013-05-27 08:00:00',NULL,'0'),('12','5','文章标题标题标题标题',NULL,NULL,NULL,'关键字1,关键字2',NULL,0,NULL,0,NULL,NULL,NULL,'1','2013-05-27 08:00:00','1','2013-05-27 08:00:00',NULL,'0'),('13','5','文章标题标题标题标题',NULL,NULL,NULL,'关键字1,关键字2',NULL,0,NULL,0,NULL,NULL,NULL,'1','2013-05-27 08:00:00','1','2013-05-27 08:00:00',NULL,'0'),('14','7','文章标题标题标题标题',NULL,NULL,NULL,'关键字1,关键字2',NULL,0,NULL,0,NULL,NULL,NULL,'1','2013-05-27 08:00:00','1','2013-05-27 08:00:00',NULL,'0'),('15','7','文章标题标题标题标题',NULL,NULL,NULL,'关键字1,关键字2',NULL,0,NULL,0,NULL,NULL,NULL,'1','2013-05-27 08:00:00','1','2013-05-27 08:00:00',NULL,'0'),('16','7','文章标题标题标题标题',NULL,NULL,NULL,'关键字1,关键字2',NULL,0,NULL,0,NULL,NULL,NULL,'1','2013-05-27 08:00:00','1','2013-05-27 08:00:00',NULL,'0'),('17','7','文章标题标题标题标题',NULL,NULL,NULL,'关键字1,关键字2',NULL,0,NULL,0,NULL,NULL,NULL,'1','2013-05-27 08:00:00','1','2013-05-27 08:00:00',NULL,'0'),('18','8','文章标题标题标题标题',NULL,NULL,NULL,'关键字1,关键字2',NULL,0,NULL,0,NULL,NULL,NULL,'1','2013-05-27 08:00:00','1','2013-05-27 08:00:00',NULL,'0'),('19','8','文章标题标题标题标题',NULL,NULL,NULL,'关键字1,关键字2',NULL,0,NULL,0,NULL,NULL,NULL,'1','2013-05-27 08:00:00','1','2013-05-27 08:00:00',NULL,'0'),('2','3','文章标题标题标题标题',NULL,'red',NULL,'关键字1,关键字2',NULL,0,NULL,0,NULL,NULL,NULL,'1','2013-05-27 08:00:00','1','2013-05-27 08:00:00',NULL,'0'),('20','8','文章标题标题标题标题',NULL,NULL,NULL,'关键字1,关键字2',NULL,0,NULL,0,NULL,NULL,NULL,'1','2013-05-27 08:00:00','1','2013-05-27 08:00:00',NULL,'0'),('21','8','文章标题标题标题标题',NULL,NULL,NULL,'关键字1,关键字2',NULL,0,NULL,0,NULL,NULL,NULL,'1','2013-05-27 08:00:00','1','2013-05-27 08:00:00',NULL,'0'),('22','9','文章标题标题标题标题',NULL,NULL,NULL,'关键字1,关键字2',NULL,0,NULL,0,NULL,NULL,NULL,'1','2013-05-27 08:00:00','1','2013-05-27 08:00:00',NULL,'0'),('23','9','文章标题标题标题标题',NULL,NULL,NULL,'关键字1,关键字2',NULL,0,NULL,0,NULL,NULL,NULL,'1','2013-05-27 08:00:00','1','2013-05-27 08:00:00',NULL,'0'),('24','9','文章标题标题标题标题',NULL,NULL,NULL,'关键字1,关键字2',NULL,0,NULL,0,NULL,NULL,NULL,'1','2013-05-27 08:00:00','1','2013-05-27 08:00:00',NULL,'0'),('25','9','文章标题标题标题标题',NULL,NULL,NULL,'关键字1,关键字2',NULL,0,NULL,0,NULL,NULL,NULL,'1','2013-05-27 08:00:00','1','2013-05-27 08:00:00',NULL,'0'),('26','9','文章标题标题标题标题',NULL,NULL,NULL,'关键字1,关键字2',NULL,0,NULL,0,NULL,NULL,NULL,'1','2013-05-27 08:00:00','1','2013-05-27 08:00:00',NULL,'0'),('27','11','文章标题标题标题标题',NULL,NULL,NULL,'关键字1,关键字2',NULL,0,NULL,0,NULL,NULL,NULL,'1','2013-05-27 08:00:00','1','2013-05-27 08:00:00',NULL,'0'),('28','11','文章标题标题标题标题',NULL,NULL,NULL,'关键字1,关键字2',NULL,0,NULL,0,NULL,NULL,NULL,'1','2013-05-27 08:00:00','1','2013-05-27 08:00:00',NULL,'0'),('29','11','文章标题标题标题标题',NULL,NULL,NULL,'关键字1,关键字2',NULL,0,NULL,0,NULL,NULL,NULL,'1','2013-05-27 08:00:00','1','2013-05-27 08:00:00',NULL,'0'),('3','3','文章标题标题标题标题',NULL,NULL,NULL,'关键字1,关键字2',NULL,0,NULL,0,NULL,NULL,NULL,'1','2013-05-27 08:00:00','1','2013-05-27 08:00:00',NULL,'0'),('30','11','文章标题标题标题标题',NULL,NULL,NULL,'关键字1,关键字2',NULL,0,NULL,0,NULL,NULL,NULL,'1','2013-05-27 08:00:00','1','2013-05-27 08:00:00',NULL,'0'),('31','11','文章标题标题标题标题',NULL,NULL,NULL,'关键字1,关键字2',NULL,0,NULL,0,NULL,NULL,NULL,'1','2013-05-27 08:00:00','1','2013-05-27 08:00:00',NULL,'0'),('32','12','文章标题标题标题标题',NULL,NULL,NULL,'关键字1,关键字2',NULL,0,NULL,0,NULL,NULL,NULL,'1','2013-05-27 08:00:00','1','2013-05-27 08:00:00',NULL,'0'),('33','12','文章标题标题标题标题',NULL,NULL,NULL,'关键字1,关键字2',NULL,0,NULL,0,NULL,NULL,NULL,'1','2013-05-27 08:00:00','1','2013-05-27 08:00:00',NULL,'0'),('34','12','文章标题标题标题标题',NULL,NULL,NULL,'关键字1,关键字2',NULL,0,NULL,0,NULL,NULL,NULL,'1','2013-05-27 08:00:00','1','2013-05-27 08:00:00',NULL,'0'),('35','12','文章标题标题标题标题',NULL,NULL,NULL,'关键字1,关键字2',NULL,0,NULL,0,NULL,NULL,NULL,'1','2013-05-27 08:00:00','1','2013-05-27 08:00:00',NULL,'0'),('36','12','文章标题标题标题标题',NULL,NULL,NULL,'关键字1,关键字2',NULL,0,NULL,0,NULL,NULL,NULL,'1','2013-05-27 08:00:00','1','2013-05-27 08:00:00',NULL,'0'),('37','13','文章标题标题标题标题',NULL,NULL,NULL,'关键字1,关键字2',NULL,0,NULL,0,NULL,NULL,NULL,'1','2013-05-27 08:00:00','1','2013-05-27 08:00:00',NULL,'0'),('38','13','文章标题标题标题标题',NULL,NULL,NULL,'关键字1,关键字2',NULL,0,NULL,0,NULL,NULL,NULL,'1','2013-05-27 08:00:00','1','2013-05-27 08:00:00',NULL,'0'),('39','13','文章标题标题标题标题',NULL,NULL,NULL,'关键字1,关键字2',NULL,0,NULL,0,NULL,NULL,NULL,'1','2013-05-27 08:00:00','1','2013-05-27 08:00:00',NULL,'0'),('4','3','文章标题标题标题标题',NULL,'green',NULL,'关键字1,关键字2',NULL,0,NULL,0,NULL,NULL,NULL,'1','2013-05-27 08:00:00','1','2013-05-27 08:00:00',NULL,'0'),('40','13','文章标题标题标题标题',NULL,NULL,NULL,'关键字1,关键字2',NULL,0,NULL,0,NULL,NULL,NULL,'1','2013-05-27 08:00:00','1','2013-05-27 08:00:00',NULL,'0'),('41','14','文章标题标题标题标题',NULL,NULL,NULL,'关键字1,关键字2',NULL,0,NULL,0,NULL,NULL,NULL,'1','2013-05-27 08:00:00','1','2013-05-27 08:00:00',NULL,'0'),('42','14','文章标题标题标题标题',NULL,NULL,NULL,'关键字1,关键字2',NULL,0,NULL,0,NULL,NULL,NULL,'1','2013-05-27 08:00:00','1','2013-05-27 08:00:00',NULL,'0'),('43','14','文章标题标题标题标题',NULL,NULL,NULL,'关键字1,关键字2',NULL,0,NULL,0,NULL,NULL,NULL,'1','2013-05-27 08:00:00','1','2013-05-27 08:00:00',NULL,'0'),('44','14','文章标题标题标题标题',NULL,NULL,NULL,'关键字1,关键字2',NULL,0,NULL,0,NULL,NULL,NULL,'1','2013-05-27 08:00:00','1','2013-05-27 08:00:00',NULL,'0'),('45','14','文章标题标题标题标题',NULL,NULL,NULL,'关键字1,关键字2',NULL,0,NULL,0,NULL,NULL,NULL,'1','2013-05-27 08:00:00','1','2013-05-27 08:00:00',NULL,'0'),('46','15','文章标题标题标题标题',NULL,NULL,NULL,'关键字1,关键字2',NULL,0,NULL,0,NULL,NULL,NULL,'1','2013-05-27 08:00:00','1','2013-05-27 08:00:00',NULL,'0'),('47','15','文章标题标题标题标题',NULL,NULL,NULL,'关键字1,关键字2',NULL,0,NULL,0,NULL,NULL,NULL,'1','2013-05-27 08:00:00','1','2013-05-27 08:00:00',NULL,'0'),('48','15','文章标题标题标题标题',NULL,NULL,NULL,'关键字1,关键字2',NULL,0,NULL,0,NULL,NULL,NULL,'1','2013-05-27 08:00:00','1','2013-05-27 08:00:00',NULL,'0'),('49','16','文章标题标题标题标题',NULL,NULL,NULL,'关键字1,关键字2',NULL,0,NULL,0,NULL,NULL,NULL,'1','2013-05-27 08:00:00','1','2013-05-27 08:00:00',NULL,'0'),('5','3','文章标题标题标题标题',NULL,NULL,NULL,'关键字1,关键字2',NULL,0,NULL,0,NULL,NULL,NULL,'1','2013-05-27 08:00:00','1','2013-05-27 08:00:00',NULL,'0'),('50','17','文章标题标题标题标题',NULL,NULL,NULL,'关键字1,关键字2',NULL,0,NULL,0,NULL,NULL,NULL,'1','2013-05-27 08:00:00','1','2013-05-27 08:00:00',NULL,'0'),('51','17','文章标题标题标题标题',NULL,NULL,NULL,'关键字1,关键字2',NULL,0,NULL,0,NULL,NULL,NULL,'1','2013-05-27 08:00:00','1','2013-05-27 08:00:00',NULL,'0'),('52','26','文章标题标题标题标题',NULL,NULL,NULL,'关键字1,关键字2',NULL,0,NULL,0,NULL,NULL,NULL,'1','2013-05-27 08:00:00','1','2013-05-27 08:00:00',NULL,'0'),('53','26','文章标题标题标题标题',NULL,NULL,NULL,'关键字1,关键字2',NULL,0,NULL,0,NULL,NULL,NULL,'1','2013-05-27 08:00:00','1','2013-05-27 08:00:00',NULL,'0'),('6','3','文章标题标题标题标题',NULL,NULL,NULL,'关键字1,关键字2',NULL,0,NULL,0,NULL,NULL,NULL,'1','2013-05-27 08:00:00','1','2013-05-27 08:00:00',NULL,'0'),('7','4','文章标题标题标题标题',NULL,NULL,NULL,'关键字1,关键字2',NULL,0,NULL,0,NULL,NULL,NULL,'1','2013-05-27 08:00:00','1','2013-05-27 08:00:00',NULL,'0'),('8','4','文章标题标题标题标题',NULL,'blue',NULL,'关键字1,关键字2',NULL,0,NULL,0,NULL,NULL,NULL,'1','2013-05-27 08:00:00','1','2013-05-27 08:00:00',NULL,'0'),('9','4','文章标题标题标题标题',NULL,NULL,NULL,'关键字1,关键字2',NULL,0,NULL,0,NULL,NULL,NULL,'1','2013-05-27 08:00:00','1','2013-05-27 08:00:00',NULL,'0');

/*Table structure for table `cms_article_data` */

DROP TABLE IF EXISTS `cms_article_data`;

CREATE TABLE `cms_article_data` (
  `id` varchar(64) NOT NULL COMMENT '编号',
  `content` text COMMENT '文章内容',
  `copyfrom` varchar(255) DEFAULT NULL COMMENT '文章来源',
  `relation` varchar(255) DEFAULT NULL COMMENT '相关文章',
  `allow_comment` char(1) DEFAULT NULL COMMENT '是否允许评论',
  PRIMARY KEY (`id`)
) ENGINE=InnoDB DEFAULT CHARSET=utf8 COMMENT='文章详表';

/*Data for the table `cms_article_data` */

insert  into `cms_article_data`(`id`,`content`,`copyfrom`,`relation`,`allow_comment`) values ('1','文章内容内容内容内容','来源','1,2,3','1'),('10','文章内容内容内容内容','来源','1,2,3','1'),('11','文章内容内容内容内容','来源','1,2,3','1'),('12','文章内容内容内容内容','来源','1,2,3','1'),('13','文章内容内容内容内容','来源','1,2,3','1'),('14','文章内容内容内容内容','来源','1,2,3','1'),('15','文章内容内容内容内容','来源','1,2,3','1'),('16','文章内容内容内容内容','来源','1,2,3','1'),('17','文章内容内容内容内容','来源','1,2,3','1'),('18','文章内容内容内容内容','来源','1,2,3','1'),('19','文章内容内容内容内容','来源','1,2,3','1'),('2','文章内容内容内容内容','来源','1,2,3','1'),('20','文章内容内容内容内容','来源','1,2,3','1'),('21','文章内容内容内容内容','来源','1,2,3','1'),('22','文章内容内容内容内容','来源','1,2,3','1'),('23','文章内容内容内容内容','来源','1,2,3','1'),('24','文章内容内容内容内容','来源','1,2,3','1'),('25','文章内容内容内容内容','来源','1,2,3','1'),('26','文章内容内容内容内容','来源','1,2,3','1'),('27','文章内容内容内容内容','来源','1,2,3','1'),('28','文章内容内容内容内容','来源','1,2,3','1'),('29','文章内容内容内容内容','来源','1,2,3','1'),('3','文章内容内容内容内容','来源','1,2,3','1'),('30','文章内容内容内容内容','来源','1,2,3','1'),('31','文章内容内容内容内容','来源','1,2,3','1'),('32','文章内容内容内容内容','来源','1,2,3','1'),('33','文章内容内容内容内容','来源','1,2,3','1'),('34','文章内容内容内容内容','来源','1,2,3','1'),('35','文章内容内容内容内容','来源','1,2,3','1'),('36','文章内容内容内容内容','来源','1,2,3','1'),('37','文章内容内容内容内容','来源','1,2,3','1'),('38','文章内容内容内容内容','来源','1,2,3','1'),('39','文章内容内容内容内容','来源','1,2,3','1'),('4','文章内容内容内容内容','来源','1,2,3','1'),('40','文章内容内容内容内容','来源','1,2,3','1'),('41','文章内容内容内容内容','来源','1,2,3','1'),('42','文章内容内容内容内容','来源','1,2,3','1'),('43','文章内容内容内容内容','来源','1,2,3','1'),('44','文章内容内容内容内容','来源','1,2,3','1'),('45','文章内容内容内容内容','来源','1,2,3','1'),('46','文章内容内容内容内容','来源','1,2,3','1'),('47','文章内容内容内容内容','来源','1,2,3','1'),('48','文章内容内容内容内容','来源','1,2,3','1'),('49','文章内容内容内容内容','来源','1,2,3','1'),('5','文章内容内容内容内容','来源','1,2,3','1'),('50','文章内容内容内容内容','来源','1,2,3','1'),('51','文章内容内容内容内容','来源','1,2,3','1'),('52','文章内容内容内容内容','来源','1,2,3','1'),('53','文章内容内容内容内容','来源','1,2,3','1'),('6','文章内容内容内容内容','来源','1,2,3','1'),('7','文章内容内容内容内容','来源','1,2,3','1'),('8','文章内容内容内容内容','来源','1,2,3','1'),('9','文章内容内容内容内容','来源','1,2,3','1');

/*Table structure for table `cms_category` */

DROP TABLE IF EXISTS `cms_category`;

CREATE TABLE `cms_category` (
  `id` varchar(64) NOT NULL COMMENT '编号',
  `parent_id` varchar(64) NOT NULL COMMENT '父级编号',
  `parent_ids` varchar(2000) NOT NULL COMMENT '所有父级编号',
  `site_id` varchar(64) DEFAULT '1' COMMENT '站点编号',
  `office_id` varchar(64) DEFAULT NULL COMMENT '归属机构',
  `module` varchar(20) DEFAULT NULL COMMENT '栏目模块',
  `name` varchar(100) NOT NULL COMMENT '栏目名称',
  `image` varchar(255) DEFAULT NULL COMMENT '栏目图片',
  `href` varchar(255) DEFAULT NULL COMMENT '链接',
  `target` varchar(20) DEFAULT NULL COMMENT '目标',
  `description` varchar(255) DEFAULT NULL COMMENT '描述',
  `keywords` varchar(255) DEFAULT NULL COMMENT '关键字',
  `sort` int(11) DEFAULT '30' COMMENT '排序（升序）',
  `in_menu` char(1) DEFAULT '1' COMMENT '是否在导航中显示',
  `in_list` char(1) DEFAULT '1' COMMENT '是否在分类页中显示列表',
  `show_modes` char(1) DEFAULT '0' COMMENT '展现方式',
  `allow_comment` char(1) DEFAULT NULL COMMENT '是否允许评论',
  `is_audit` char(1) DEFAULT NULL COMMENT '是否需要审核',
  `custom_list_view` varchar(255) DEFAULT NULL COMMENT '自定义列表视图',
  `custom_content_view` varchar(255) DEFAULT NULL COMMENT '自定义内容视图',
  `view_config` text COMMENT '视图配置',
  `create_by` varchar(64) DEFAULT NULL COMMENT '创建者',
  `create_date` datetime DEFAULT NULL COMMENT '创建时间',
  `update_by` varchar(64) DEFAULT NULL COMMENT '更新者',
  `update_date` datetime DEFAULT NULL COMMENT '更新时间',
  `remarks` varchar(255) DEFAULT NULL COMMENT '备注信息',
  `del_flag` char(1) NOT NULL DEFAULT '0' COMMENT '删除标记',
  PRIMARY KEY (`id`),
  KEY `cms_category_parent_id` (`parent_id`),
  KEY `cms_category_module` (`module`),
  KEY `cms_category_name` (`name`),
  KEY `cms_category_sort` (`sort`),
  KEY `cms_category_del_flag` (`del_flag`),
  KEY `cms_category_office_id` (`office_id`),
  KEY `cms_category_site_id` (`site_id`)
) ENGINE=InnoDB DEFAULT CHARSET=utf8 COMMENT='栏目表';

/*Data for the table `cms_category` */

insert  into `cms_category`(`id`,`parent_id`,`parent_ids`,`site_id`,`office_id`,`module`,`name`,`image`,`href`,`target`,`description`,`keywords`,`sort`,`in_menu`,`in_list`,`show_modes`,`allow_comment`,`is_audit`,`custom_list_view`,`custom_content_view`,`view_config`,`create_by`,`create_date`,`update_by`,`update_date`,`remarks`,`del_flag`) values ('1','0','0,','0','1',NULL,'顶级栏目',NULL,NULL,NULL,NULL,NULL,0,'1','1','0','0','1',NULL,NULL,NULL,'1','2013-05-27 08:00:00','1','2013-05-27 08:00:00',NULL,'0'),('10','1','0,1,','1','4','article','软件介绍',NULL,NULL,NULL,NULL,NULL,20,'1','1','0','1','0',NULL,NULL,NULL,'1','2013-05-27 08:00:00','1','2013-05-27 08:00:00',NULL,'0'),('11','10','0,1,10,','1','4','article','网络工具',NULL,NULL,NULL,NULL,NULL,30,'1','1','0','1','0',NULL,NULL,NULL,'1','2013-05-27 08:00:00','1','2013-05-27 08:00:00',NULL,'0'),('12','10','0,1,10,','1','4','article','浏览工具',NULL,NULL,NULL,NULL,NULL,40,'1','1','0','1','0',NULL,NULL,NULL,'1','2013-05-27 08:00:00','1','2013-05-27 08:00:00',NULL,'0'),('13','10','0,1,10,','1','4','article','浏览辅助',NULL,NULL,NULL,NULL,NULL,50,'1','1','0','1','0',NULL,NULL,NULL,'1','2013-05-27 08:00:00','1','2013-05-27 08:00:00',NULL,'0'),('14','10','0,1,10,','1','4','article','网络优化',NULL,NULL,NULL,NULL,NULL,50,'1','1','0','1','0',NULL,NULL,NULL,'1','2013-05-27 08:00:00','1','2013-05-27 08:00:00',NULL,'0'),('15','10','0,1,10,','1','4','article','邮件处理',NULL,NULL,NULL,NULL,NULL,50,'1','1','0','1','0',NULL,NULL,NULL,'1','2013-05-27 08:00:00','1','2013-05-27 08:00:00',NULL,'0'),('16','10','0,1,10,','1','4','article','下载工具',NULL,NULL,NULL,NULL,NULL,50,'1','1','0','1','0',NULL,NULL,NULL,'1','2013-05-27 08:00:00','1','2013-05-27 08:00:00',NULL,'0'),('17','10','0,1,10,','1','4','article','搜索工具',NULL,NULL,NULL,NULL,NULL,50,'1','1','2','1','0',NULL,NULL,NULL,'1','2013-05-27 08:00:00','1','2013-05-27 08:00:00',NULL,'0'),('18','1','0,1,','1','5','link','友情链接',NULL,NULL,NULL,NULL,NULL,90,'1','1','0','1','0',NULL,NULL,NULL,'1','2013-05-27 08:00:00','1','2013-05-27 08:00:00',NULL,'0'),('19','18','0,1,18,','1','5','link','常用网站',NULL,NULL,NULL,NULL,NULL,50,'1','1','0','1','0',NULL,NULL,NULL,'1','2013-05-27 08:00:00','1','2013-05-27 08:00:00',NULL,'0'),('2','1','0,1,','1','3','article','组织机构',NULL,NULL,NULL,NULL,NULL,10,'1','1','0','0','1',NULL,NULL,NULL,'1','2013-05-27 08:00:00','1','2013-05-27 08:00:00',NULL,'0'),('20','18','0,1,18,','1','5','link','门户网站',NULL,NULL,NULL,NULL,NULL,50,'1','1','0','1','0',NULL,NULL,NULL,'1','2013-05-27 08:00:00','1','2013-05-27 08:00:00',NULL,'0'),('21','18','0,1,18,','1','5','link','购物网站',NULL,NULL,NULL,NULL,NULL,50,'1','1','0','1','0',NULL,NULL,NULL,'1','2013-05-27 08:00:00','1','2013-05-27 08:00:00',NULL,'0'),('22','18','0,1,18,','1','5','link','交友社区',NULL,NULL,NULL,NULL,NULL,50,'1','1','0','1','0',NULL,NULL,NULL,'1','2013-05-27 08:00:00','1','2013-05-27 08:00:00',NULL,'0'),('23','18','0,1,18,','1','5','link','音乐视频',NULL,NULL,NULL,NULL,NULL,50,'1','1','0','1','0',NULL,NULL,NULL,'1','2013-05-27 08:00:00','1','2013-05-27 08:00:00',NULL,'0'),('24','1','0,1,','1','6',NULL,'百度一下',NULL,'http://www.baidu.com','_blank',NULL,NULL,90,'1','1','0','1','0',NULL,NULL,NULL,'1','2013-05-27 08:00:00','1','2013-05-27 08:00:00',NULL,'0'),('25','1','0,1,','1','6',NULL,'全文检索',NULL,'/search',NULL,NULL,NULL,90,'0','1','0','1','0',NULL,NULL,NULL,'1','2013-05-27 08:00:00','1','2013-05-27 08:00:00',NULL,'0'),('26','1','0,1,','2','6','article','测试栏目',NULL,NULL,NULL,NULL,NULL,90,'1','1','0','1','0',NULL,NULL,NULL,'1','2013-05-27 08:00:00','1','2013-05-27 08:00:00',NULL,'0'),('27','1','0,1,','1','6',NULL,'公共留言',NULL,'/guestbook',NULL,NULL,NULL,90,'1','1','0','1','0',NULL,NULL,NULL,'1','2013-05-27 08:00:00','1','2013-05-27 08:00:00',NULL,'0'),('3','2','0,1,2,','1','3','article','网站简介',NULL,NULL,NULL,NULL,NULL,30,'1','1','0','0','1',NULL,NULL,NULL,'1','2013-05-27 08:00:00','1','2013-05-27 08:00:00',NULL,'0'),('4','2','0,1,2,','1','3','article','内部机构',NULL,NULL,NULL,NULL,NULL,40,'1','1','0','0','1',NULL,NULL,NULL,'1','2013-05-27 08:00:00','1','2013-05-27 08:00:00',NULL,'0'),('5','2','0,1,2,','1','3','article','地方机构',NULL,NULL,NULL,NULL,NULL,50,'1','1','0','0','1',NULL,NULL,NULL,'1','2013-05-27 08:00:00','1','2013-05-27 08:00:00',NULL,'0'),('6','1','0,1,','1','3','article','质量检验',NULL,NULL,NULL,NULL,NULL,20,'1','1','1','1','0',NULL,NULL,NULL,'1','2013-05-27 08:00:00','1','2013-05-27 08:00:00',NULL,'0'),('7','6','0,1,6,','1','3','article','产品质量',NULL,NULL,NULL,NULL,NULL,30,'1','1','0','1','0',NULL,NULL,NULL,'1','2013-05-27 08:00:00','1','2013-05-27 08:00:00',NULL,'0'),('8','6','0,1,6,','1','3','article','技术质量',NULL,NULL,NULL,NULL,NULL,40,'1','1','0','1','0',NULL,NULL,NULL,'1','2013-05-27 08:00:00','1','2013-05-27 08:00:00',NULL,'0'),('9','6','0,1,6,','1','3','article','工程质量',NULL,NULL,NULL,NULL,NULL,50,'1','1','0','1','0',NULL,NULL,NULL,'1','2013-05-27 08:00:00','1','2013-05-27 08:00:00',NULL,'0');

/*Table structure for table `cms_comment` */

DROP TABLE IF EXISTS `cms_comment`;

CREATE TABLE `cms_comment` (
  `id` varchar(64) NOT NULL COMMENT '编号',
  `category_id` varchar(64) NOT NULL COMMENT '栏目编号',
  `content_id` varchar(64) NOT NULL COMMENT '栏目内容的编号',
  `title` varchar(255) DEFAULT NULL COMMENT '栏目内容的标题',
  `content` varchar(255) DEFAULT NULL COMMENT '评论内容',
  `name` varchar(100) DEFAULT NULL COMMENT '评论姓名',
  `ip` varchar(100) DEFAULT NULL COMMENT '评论IP',
  `create_date` datetime NOT NULL COMMENT '评论时间',
  `audit_user_id` varchar(64) DEFAULT NULL COMMENT '审核人',
  `audit_date` datetime DEFAULT NULL COMMENT '审核时间',
  `del_flag` char(1) NOT NULL DEFAULT '0' COMMENT '删除标记',
  PRIMARY KEY (`id`),
  KEY `cms_comment_category_id` (`category_id`),
  KEY `cms_comment_content_id` (`content_id`),
  KEY `cms_comment_status` (`del_flag`)
) ENGINE=InnoDB DEFAULT CHARSET=utf8 COMMENT='评论表';

/*Data for the table `cms_comment` */

/*Table structure for table `cms_guestbook` */

DROP TABLE IF EXISTS `cms_guestbook`;

CREATE TABLE `cms_guestbook` (
  `id` varchar(64) NOT NULL COMMENT '编号',
  `type` char(1) NOT NULL COMMENT '留言分类',
  `content` varchar(255) NOT NULL COMMENT '留言内容',
  `name` varchar(100) NOT NULL COMMENT '姓名',
  `email` varchar(100) NOT NULL COMMENT '邮箱',
  `phone` varchar(100) NOT NULL COMMENT '电话',
  `workunit` varchar(100) NOT NULL COMMENT '单位',
  `ip` varchar(100) NOT NULL COMMENT 'IP',
  `create_date` datetime NOT NULL COMMENT '留言时间',
  `re_user_id` varchar(64) DEFAULT NULL COMMENT '回复人',
  `re_date` datetime DEFAULT NULL COMMENT '回复时间',
  `re_content` varchar(100) DEFAULT NULL COMMENT '回复内容',
  `del_flag` char(1) NOT NULL DEFAULT '0' COMMENT '删除标记',
  PRIMARY KEY (`id`),
  KEY `cms_guestbook_del_flag` (`del_flag`)
) ENGINE=InnoDB DEFAULT CHARSET=utf8 COMMENT='留言板';

/*Data for the table `cms_guestbook` */

/*Table structure for table `cms_link` */

DROP TABLE IF EXISTS `cms_link`;

CREATE TABLE `cms_link` (
  `id` varchar(64) NOT NULL COMMENT '编号',
  `category_id` varchar(64) NOT NULL COMMENT '栏目编号',
  `title` varchar(255) NOT NULL COMMENT '链接名称',
  `color` varchar(50) DEFAULT NULL COMMENT '标题颜色',
  `image` varchar(255) DEFAULT NULL COMMENT '链接图片',
  `href` varchar(255) DEFAULT NULL COMMENT '链接地址',
  `weight` int(11) DEFAULT '0' COMMENT '权重，越大越靠前',
  `weight_date` datetime DEFAULT NULL COMMENT '权重期限',
  `create_by` varchar(64) DEFAULT NULL COMMENT '创建者',
  `create_date` datetime DEFAULT NULL COMMENT '创建时间',
  `update_by` varchar(64) DEFAULT NULL COMMENT '更新者',
  `update_date` datetime DEFAULT NULL COMMENT '更新时间',
  `remarks` varchar(255) DEFAULT NULL COMMENT '备注信息',
  `del_flag` char(1) NOT NULL DEFAULT '0' COMMENT '删除标记',
  PRIMARY KEY (`id`),
  KEY `cms_link_category_id` (`category_id`),
  KEY `cms_link_title` (`title`),
  KEY `cms_link_del_flag` (`del_flag`),
  KEY `cms_link_weight` (`weight`),
  KEY `cms_link_create_by` (`create_by`),
  KEY `cms_link_update_date` (`update_date`)
) ENGINE=InnoDB DEFAULT CHARSET=utf8 COMMENT='友情链接';

/*Data for the table `cms_link` */

insert  into `cms_link`(`id`,`category_id`,`title`,`color`,`image`,`href`,`weight`,`weight_date`,`create_by`,`create_date`,`update_by`,`update_date`,`remarks`,`del_flag`) values ('1','19','JeeSite',NULL,NULL,'http://thinkgem.github.com/jeesite',0,NULL,'1','2013-05-27 08:00:00','1','2013-05-27 08:00:00',NULL,'0'),('10','22','58同城',NULL,NULL,'http://www.58.com/',0,NULL,'1','2013-05-27 08:00:00','1','2013-05-27 08:00:00',NULL,'0'),('11','23','视频大全',NULL,NULL,'http://v.360.cn/',0,NULL,'1','2013-05-27 08:00:00','1','2013-05-27 08:00:00',NULL,'0'),('12','23','凤凰网',NULL,NULL,'http://www.ifeng.com/',0,NULL,'1','2013-05-27 08:00:00','1','2013-05-27 08:00:00',NULL,'0'),('2','19','ThinkGem',NULL,NULL,'http://thinkgem.iteye.com/',0,NULL,'1','2013-05-27 08:00:00','1','2013-05-27 08:00:00',NULL,'0'),('3','19','百度一下',NULL,NULL,'http://www.baidu.com',0,NULL,'1','2013-05-27 08:00:00','1','2013-05-27 08:00:00',NULL,'0'),('4','19','谷歌搜索',NULL,NULL,'http://www.google.com',0,NULL,'1','2013-05-27 08:00:00','1','2013-05-27 08:00:00',NULL,'0'),('5','20','新浪网',NULL,NULL,'http://www.sina.com.cn',0,NULL,'1','2013-05-27 08:00:00','1','2013-05-27 08:00:00',NULL,'0'),('6','20','腾讯网',NULL,NULL,'http://www.qq.com/',0,NULL,'1','2013-05-27 08:00:00','1','2013-05-27 08:00:00',NULL,'0'),('7','21','淘宝网',NULL,NULL,'http://www.taobao.com/',0,NULL,'1','2013-05-27 08:00:00','1','2013-05-27 08:00:00',NULL,'0'),('8','21','新华网',NULL,NULL,'http://www.xinhuanet.com/',0,NULL,'1','2013-05-27 08:00:00','1','2013-05-27 08:00:00',NULL,'0'),('9','22','赶集网',NULL,NULL,'http://www.ganji.com/',0,NULL,'1','2013-05-27 08:00:00','1','2013-05-27 08:00:00',NULL,'0');

/*Table structure for table `cms_site` */

DROP TABLE IF EXISTS `cms_site`;

CREATE TABLE `cms_site` (
  `id` varchar(64) NOT NULL COMMENT '编号',
  `name` varchar(100) NOT NULL COMMENT '站点名称',
  `title` varchar(100) NOT NULL COMMENT '站点标题',
  `logo` varchar(255) DEFAULT NULL COMMENT '站点Logo',
  `domain` varchar(255) DEFAULT NULL COMMENT '站点域名',
  `description` varchar(255) DEFAULT NULL COMMENT '描述',
  `keywords` varchar(255) DEFAULT NULL COMMENT '关键字',
  `theme` varchar(255) DEFAULT 'default' COMMENT '主题',
  `copyright` text COMMENT '版权信息',
  `custom_index_view` varchar(255) DEFAULT NULL COMMENT '自定义站点首页视图',
  `create_by` varchar(64) DEFAULT NULL COMMENT '创建者',
  `create_date` datetime DEFAULT NULL COMMENT '创建时间',
  `update_by` varchar(64) DEFAULT NULL COMMENT '更新者',
  `update_date` datetime DEFAULT NULL COMMENT '更新时间',
  `remarks` varchar(255) DEFAULT NULL COMMENT '备注信息',
  `del_flag` char(1) NOT NULL DEFAULT '0' COMMENT '删除标记',
  PRIMARY KEY (`id`),
  KEY `cms_site_del_flag` (`del_flag`)
) ENGINE=InnoDB DEFAULT CHARSET=utf8 COMMENT='站点表';

/*Data for the table `cms_site` */

insert  into `cms_site`(`id`,`name`,`title`,`logo`,`domain`,`description`,`keywords`,`theme`,`copyright`,`custom_index_view`,`create_by`,`create_date`,`update_by`,`update_date`,`remarks`,`del_flag`) values ('1','默认站点','JeeSite Web',NULL,NULL,'JeeSite','JeeSite','basic','Copyright &copy; 2012-2013 <a href=\'http://thinkgem.iteye.com\' target=\'_blank\'>ThinkGem</a> - Powered By <a href=\'https://github.com/thinkgem/jeesite\' target=\'_blank\'>JeeSite</a> V1.0',NULL,'1','2013-05-27 08:00:00','1','2013-05-27 08:00:00',NULL,'0'),('2','子站点测试','JeeSite Subsite',NULL,NULL,'JeeSite subsite','JeeSite subsite','basic','Copyright &copy; 2012-2013 <a href=\'http://thinkgem.iteye.com\' target=\'_blank\'>ThinkGem</a> - Powered By <a href=\'https://github.com/thinkgem/jeesite\' target=\'_blank\'>JeeSite</a> V1.0',NULL,'1','2013-05-27 08:00:00','1','2013-05-27 08:00:00',NULL,'0');

/*Table structure for table `gen_scheme` */

DROP TABLE IF EXISTS `gen_scheme`;

CREATE TABLE `gen_scheme` (
  `id` varchar(64) NOT NULL COMMENT '编号',
  `name` varchar(200) DEFAULT NULL COMMENT '名称',
  `category` varchar(2000) DEFAULT NULL COMMENT '分类',
  `package_name` varchar(500) DEFAULT NULL COMMENT '生成包路径',
  `module_name` varchar(30) DEFAULT NULL COMMENT '生成模块名',
  `sub_module_name` varchar(30) DEFAULT NULL COMMENT '生成子模块名',
  `function_name` varchar(500) DEFAULT NULL COMMENT '生成功能名',
  `function_name_simple` varchar(100) DEFAULT NULL COMMENT '生成功能名（简写）',
  `function_author` varchar(100) DEFAULT NULL COMMENT '生成功能作者',
  `gen_table_id` varchar(200) DEFAULT NULL COMMENT '生成表编号',
  `create_by` varchar(64) DEFAULT NULL COMMENT '创建者',
  `create_date` datetime DEFAULT NULL COMMENT '创建时间',
  `update_by` varchar(64) DEFAULT NULL COMMENT '更新者',
  `update_date` datetime DEFAULT NULL COMMENT '更新时间',
  `remarks` varchar(255) DEFAULT NULL COMMENT '备注信息',
  `del_flag` char(1) NOT NULL DEFAULT '0' COMMENT '删除标记（0：正常；1：删除）',
  PRIMARY KEY (`id`),
  KEY `gen_scheme_del_flag` (`del_flag`)
) ENGINE=InnoDB DEFAULT CHARSET=utf8 COMMENT='生成方案';

/*Data for the table `gen_scheme` */

insert  into `gen_scheme`(`id`,`name`,`category`,`package_name`,`module_name`,`sub_module_name`,`function_name`,`function_name_simple`,`function_author`,`gen_table_id`,`create_by`,`create_date`,`update_by`,`update_date`,`remarks`,`del_flag`) values ('35a13dc260284a728a270db3f382664b','树结构','treeTable','com.thinkgem.jeesite.modules','test',NULL,'树结构生成','树结构','ThinkGem','f6e4dafaa72f4c509636484715f33a96','1','2013-08-12 13:10:05','1','2013-08-12 13:10:05',NULL,'0'),('71ccdabb279a49db9b2d080c9b8709b9','platform','curd','com.ourfuture.order','order','','代码生成测试','业务信息','qzw1210','c05b40ed88ff4c39a4a40fde6d00f992','1','2016-06-22 16:14:02','1','2016-06-22 16:14:02','','0'),('9c9de9db6da743bb899036c6546061ac','单表','curd','com.thinkgem.jeesite.modules','test',NULL,'单表生成','单表','ThinkGem','aef6f1fc948f4c9ab1c1b780bc471cc2','1','2013-08-12 13:10:05','1','2013-08-12 13:10:05',NULL,'0'),('c6683a96d10f47f19e8c716610f6aeee','order','curd','com.thinkgem.jeesite.modules','sys','demo','代码生成测试','订单','qzw1210','6106c35bbc59409b9c2e7510c6da6e67','1','2016-06-22 14:28:58','1','2016-06-22 14:28:58','','1'),('dd9e881bc8df42f4b5e6f3ea7244dcda','monkey','curd','com.thinkgem.jeesite.modules','sys','demo','代码生成测试','保存数据信息','qzw1210','aef6f1fc948f4c9ab1c1b780bc471cc2','1','2016-06-21 10:23:54','1','2016-06-21 10:23:54','','1'),('e6d905fd236b46d1af581dd32bdfb3b0','主子表','curd_many','com.thinkgem.jeesite.modules','test',NULL,'主子表生成','主子表','ThinkGem','43d6d5acffa14c258340ce6765e46c6f','1','2013-08-12 13:10:05','1','2013-08-12 13:10:05',NULL,'0'),('f219819689084c25bdd71aaf5455d3ec','业务信息','curd','com.thinkgem.jeesite.modules','sys','demo','业务信息','业务信息','qzw1210','80d5844ad38040ecba01a36f22dc8e4a','1','2016-06-22 14:48:13','1','2016-06-22 14:48:13','','1');

/*Table structure for table `gen_table` */

DROP TABLE IF EXISTS `gen_table`;

CREATE TABLE `gen_table` (
  `id` varchar(64) NOT NULL COMMENT '编号',
  `name` varchar(200) DEFAULT NULL COMMENT '名称',
  `comments` varchar(500) DEFAULT NULL COMMENT '描述',
  `class_name` varchar(100) DEFAULT NULL COMMENT '实体类名称',
  `parent_table` varchar(200) DEFAULT NULL COMMENT '关联父表',
  `parent_table_fk` varchar(100) DEFAULT NULL COMMENT '关联父表外键',
  `create_by` varchar(64) DEFAULT NULL COMMENT '创建者',
  `create_date` datetime DEFAULT NULL COMMENT '创建时间',
  `update_by` varchar(64) DEFAULT NULL COMMENT '更新者',
  `update_date` datetime DEFAULT NULL COMMENT '更新时间',
  `remarks` varchar(255) DEFAULT NULL COMMENT '备注信息',
  `del_flag` char(1) NOT NULL DEFAULT '0' COMMENT '删除标记（0：正常；1：删除）',
  PRIMARY KEY (`id`),
  KEY `gen_table_name` (`name`),
  KEY `gen_table_del_flag` (`del_flag`)
) ENGINE=InnoDB DEFAULT CHARSET=utf8 COMMENT='业务表';

/*Data for the table `gen_table` */

insert  into `gen_table`(`id`,`name`,`comments`,`class_name`,`parent_table`,`parent_table_fk`,`create_by`,`create_date`,`update_by`,`update_date`,`remarks`,`del_flag`) values ('43d6d5acffa14c258340ce6765e46c6f','test_data_main','业务数据表','TestDataMain',NULL,NULL,'1','2013-08-12 13:10:05','1','2013-08-12 13:10:05',NULL,'0'),('6106c35bbc59409b9c2e7510c6da6e67','order','order','Order','','','1','2016-06-22 14:27:30','1','2016-06-22 14:27:30','','0'),('6e05c389f3c6415ea34e55e9dfb28934','test_data_child','业务数据子表','TestDataChild','test_data_main','test_data_main_id','1','2013-08-12 13:10:05','1','2013-08-12 13:10:05',NULL,'0'),('80d5844ad38040ecba01a36f22dc8e4a','businessinfo','businessinfo','Businessinfo','','','1','2016-06-22 14:47:27','1','2016-06-22 14:47:27','','1'),('aef6f1fc948f4c9ab1c1b780bc471cc2','test_data','业务数据表','TestData',NULL,NULL,'1','2013-08-12 13:10:05','1','2013-08-12 13:10:05',NULL,'0'),('c05b40ed88ff4c39a4a40fde6d00f992','businessinfo','businessinfo','Businessinfo','','','1','2016-06-22 16:12:41','1','2016-06-22 16:12:41','','0'),('f6e4dafaa72f4c509636484715f33a96','test_tree','树结构表','TestTree',NULL,NULL,'1','2013-08-12 13:10:05','1','2013-08-12 13:10:05',NULL,'0');

/*Table structure for table `gen_table_column` */

DROP TABLE IF EXISTS `gen_table_column`;

CREATE TABLE `gen_table_column` (
  `id` varchar(64) NOT NULL COMMENT '编号',
  `gen_table_id` varchar(64) DEFAULT NULL COMMENT '归属表编号',
  `name` varchar(200) DEFAULT NULL COMMENT '名称',
  `comments` varchar(500) DEFAULT NULL COMMENT '描述',
  `jdbc_type` varchar(100) DEFAULT NULL COMMENT '列的数据类型的字节长度',
  `java_type` varchar(500) DEFAULT NULL COMMENT 'JAVA类型',
  `java_field` varchar(200) DEFAULT NULL COMMENT 'JAVA字段名',
  `is_pk` char(1) DEFAULT NULL COMMENT '是否主键',
  `is_null` char(1) DEFAULT NULL COMMENT '是否可为空',
  `is_insert` char(1) DEFAULT NULL COMMENT '是否为插入字段',
  `is_edit` char(1) DEFAULT NULL COMMENT '是否编辑字段',
  `is_list` char(1) DEFAULT NULL COMMENT '是否列表字段',
  `is_query` char(1) DEFAULT NULL COMMENT '是否查询字段',
  `query_type` varchar(200) DEFAULT NULL COMMENT '查询方式（等于、不等于、大于、小于、范围、左LIKE、右LIKE、左右LIKE）',
  `show_type` varchar(200) DEFAULT NULL COMMENT '字段生成方案（文本框、文本域、下拉框、复选框、单选框、字典选择、人员选择、部门选择、区域选择）',
  `dict_type` varchar(200) DEFAULT NULL COMMENT '字典类型',
  `settings` varchar(2000) DEFAULT NULL COMMENT '其它设置（扩展字段JSON）',
  `sort` decimal(10,0) DEFAULT NULL COMMENT '排序（升序）',
  `create_by` varchar(64) DEFAULT NULL COMMENT '创建者',
  `create_date` datetime DEFAULT NULL COMMENT '创建时间',
  `update_by` varchar(64) DEFAULT NULL COMMENT '更新者',
  `update_date` datetime DEFAULT NULL COMMENT '更新时间',
  `remarks` varchar(255) DEFAULT NULL COMMENT '备注信息',
  `del_flag` char(1) NOT NULL DEFAULT '0' COMMENT '删除标记（0：正常；1：删除）',
  PRIMARY KEY (`id`),
  KEY `gen_table_column_table_id` (`gen_table_id`),
  KEY `gen_table_column_name` (`name`),
  KEY `gen_table_column_sort` (`sort`),
  KEY `gen_table_column_del_flag` (`del_flag`)
) ENGINE=InnoDB DEFAULT CHARSET=utf8 COMMENT='业务表字段';

/*Data for the table `gen_table_column` */

insert  into `gen_table_column`(`id`,`gen_table_id`,`name`,`comments`,`jdbc_type`,`java_type`,`java_field`,`is_pk`,`is_null`,`is_insert`,`is_edit`,`is_list`,`is_query`,`query_type`,`show_type`,`dict_type`,`settings`,`sort`,`create_by`,`create_date`,`update_by`,`update_date`,`remarks`,`del_flag`) values ('038161ba6479419dafb5818b5ce66633','c05b40ed88ff4c39a4a40fde6d00f992','update_date','update_date','timestamp','java.util.Date','updateDate','0','0','1','1','1','0','=','dateselect','',NULL,60,'1','2016-06-22 16:12:41','1','2016-06-22 16:12:41',NULL,'0'),('04f6a2bb15df4a349e957eab2b92716b','6106c35bbc59409b9c2e7510c6da6e67','orderid','orderid','varchar(11)','String','orderid','0','1','1','1','0','0','=','input','',NULL,10,'1','2016-06-22 14:27:30','1','2016-06-22 14:27:30',NULL,'0'),('0902a0cb3e8f434280c20e9d771d0658','aef6f1fc948f4c9ab1c1b780bc471cc2','sex','性别','char(1)','String','sex','0','1','1','1','1','1','=','radiobox','sex',NULL,6,'1','2013-08-12 13:10:05','1','2013-08-12 13:10:05',NULL,'0'),('103fc05c88ff40639875c2111881996a','aef6f1fc948f4c9ab1c1b780bc471cc2','create_date','创建时间','timestamp(6)','java.util.Date','createDate','0','0','1','0','0','0','=','dateselect',NULL,NULL,9,'1','2013-08-12 13:10:05','1','2013-08-12 13:10:05',NULL,'0'),('107937dcdb96407dbfb32644dcfbdb82','c05b40ed88ff4c39a4a40fde6d00f992','update_by','update_by','varchar(64)','com.thinkgem.jeesite.modules.sys.entity.User','updateBy.id','0','1','1','1','0','0','=','input','',NULL,50,'1','2016-06-22 16:12:41','1','2016-06-22 16:12:41',NULL,'0'),('12fa38dd986e41908f7fefa5839d1220','6e05c389f3c6415ea34e55e9dfb28934','create_by','创建者','varchar2(64)','com.thinkgem.jeesite.modules.modules.sys.entity.User','createBy.id','0','0','1','0','0','0','=','input',NULL,NULL,4,'1','2013-08-12 13:10:05','1','2013-08-12 13:10:05',NULL,'0'),('195ee9241f954d008fe01625f4adbfef','f6e4dafaa72f4c509636484715f33a96','create_by','创建者','varchar2(64)','com.thinkgem.jeesite.modules.modules.sys.entity.User','createBy.id','0','0','1','0','0','0','=','input',NULL,NULL,6,'1','2013-08-12 13:10:05','1','2013-08-12 13:10:05',NULL,'0'),('19c6478b8ff54c60910c2e4fc3d27503','43d6d5acffa14c258340ce6765e46c6f','id','编号','varchar2(64)','String','id','1','0','1','0','0','0','=','input',NULL,NULL,1,'1','2013-08-12 13:10:05','1','2013-08-12 13:10:05',NULL,'0'),('1ac6562f753d4e599693840651ab2bf7','43d6d5acffa14c258340ce6765e46c6f','in_date','加入日期','date(7)','java.util.Date','inDate','0','1','1','1','0','0','=','dateselect',NULL,NULL,7,'1','2013-08-12 13:10:05','1','2013-08-12 13:10:05',NULL,'0'),('1b8eb55f65284fa6b0a5879b6d8ad3ec','aef6f1fc948f4c9ab1c1b780bc471cc2','in_date','加入日期','date(7)','java.util.Date','inDate','0','1','1','1','0','1','between','dateselect',NULL,NULL,7,'1','2013-08-12 13:10:05','1','2013-08-12 13:10:05',NULL,'0'),('1d5ca4d114be41e99f8dc42a682ba609','aef6f1fc948f4c9ab1c1b780bc471cc2','user_id','归属用户','varchar2(64)','com.thinkgem.jeesite.modules.modules.sys.entity.User','user.id|name','0','1','1','1','1','1','=','userselect',NULL,NULL,2,'1','2013-08-12 13:10:05','1','2013-08-12 13:10:05',NULL,'0'),('21756504ffdc487eb167a823f89c0c06','43d6d5acffa14c258340ce6765e46c6f','update_by','更新者','varchar2(64)','com.thinkgem.jeesite.modules.modules.sys.entity.User','updateBy.id','0','0','1','1','0','0','=','input',NULL,NULL,10,'1','2013-08-12 13:10:05','1','2013-08-12 13:10:05',NULL,'0'),('24bbdc0a555e4412a106ab1c5f03008e','f6e4dafaa72f4c509636484715f33a96','parent_ids','所有父级编号','varchar2(2000)','String','parentIds','0','0','1','1','0','0','like','input',NULL,NULL,3,'1','2013-08-12 13:10:05','1','2013-08-12 13:10:05',NULL,'0'),('30a762b20e644ea79620b28d128a8696','80d5844ad38040ecba01a36f22dc8e4a','remarks','remarks','varchar(255)','String','remarks','0','1','1','1','1','0','=','textarea','',NULL,70,'1','2016-06-22 14:47:27','1','2016-06-22 14:47:27',NULL,'1'),('33152ce420904594b3eac796a27f0560','6e05c389f3c6415ea34e55e9dfb28934','id','编号','varchar2(64)','String','id','1','0','1','0','0','0','=','input',NULL,NULL,1,'1','2013-08-12 13:10:05','1','2013-08-12 13:10:05',NULL,'0'),('35af241859624a01917ab64c3f4f0813','aef6f1fc948f4c9ab1c1b780bc471cc2','del_flag','删除标记（0：正常；1：删除）','char(1)','String','delFlag','0','0','1','0','0','0','=','radiobox','del_flag',NULL,13,'1','2013-08-12 13:10:05','1','2013-08-12 13:10:05',NULL,'0'),('398b4a03f06940bfb979ca574e1911e3','aef6f1fc948f4c9ab1c1b780bc471cc2','create_by','创建者','varchar2(64)','com.thinkgem.jeesite.modules.modules.sys.entity.User','createBy.id','0','0','1','0','0','0','=','input',NULL,NULL,8,'1','2013-08-12 13:10:05','1','2013-08-12 13:10:05',NULL,'0'),('3a7cf23ae48a4c849ceb03feffc7a524','43d6d5acffa14c258340ce6765e46c6f','area_id','归属区域','nvarchar2(64)','com.thinkgem.jeesite.modules.modules.sys.entity.Area','area.id|name','0','1','1','1','0','0','=','areaselect',NULL,NULL,4,'1','2013-08-12 13:10:05','1','2013-08-12 13:10:05',NULL,'0'),('3d9c32865bb44e85af73381df0ffbf3d','43d6d5acffa14c258340ce6765e46c6f','update_date','更新时间','timestamp(6)','java.util.Date','updateDate','0','0','1','1','1','0','=','dateselect',NULL,NULL,11,'1','2013-08-12 13:10:05','1','2013-08-12 13:10:05',NULL,'0'),('416c76d2019b4f76a96d8dc3a8faf84c','f6e4dafaa72f4c509636484715f33a96','update_date','更新时间','timestamp(6)','java.util.Date','updateDate','0','0','1','1','1','0','=','dateselect',NULL,NULL,9,'1','2013-08-12 13:10:05','1','2013-08-12 13:10:05',NULL,'0'),('446d7ed1e7f541058eab6c361125e0ad','6106c35bbc59409b9c2e7510c6da6e67','ordername','ordername','varchar(50)','String','ordername','0','1','1','1','0','0','=','input','',NULL,20,'1','2016-06-22 14:27:31','1','2016-06-22 14:27:31',NULL,'0'),('46e6d8283270493687085d29efdecb05','f6e4dafaa72f4c509636484715f33a96','del_flag','删除标记（0：正常；1：删除）','char(1)','String','delFlag','0','0','1','0','0','0','=','radiobox','del_flag',NULL,11,'1','2013-08-12 13:10:05','1','2013-08-12 13:10:05',NULL,'0'),('4a0a1fff86ca46519477d66b82e01991','aef6f1fc948f4c9ab1c1b780bc471cc2','name','名称','nvarchar2(100)','String','name','0','1','1','1','1','1','like','input',NULL,NULL,5,'1','2013-08-12 13:10:05','1','2013-08-12 13:10:05',NULL,'0'),('4c8ef12cb6924b9ba44048ba9913150b','43d6d5acffa14c258340ce6765e46c6f','create_date','创建时间','timestamp(6)','java.util.Date','createDate','0','0','1','0','0','0','=','dateselect',NULL,NULL,9,'1','2013-08-12 13:10:05','1','2013-08-12 13:10:05',NULL,'0'),('50129bfc7bfb4d8b8dec55f254470f20','c05b40ed88ff4c39a4a40fde6d00f992','id','id','varchar(64)','String','id','0','1','1','0','0','0','=','input','',NULL,10,'1','2016-06-22 16:12:41','1','2016-06-22 16:12:41',NULL,'0'),('53d65a3d306d4fac9e561db9d3c66912','6e05c389f3c6415ea34e55e9dfb28934','del_flag','删除标记（0：正常；1：删除）','char(1)','String','delFlag','0','0','1','0','0','0','=','radiobox','del_flag',NULL,9,'1','2013-08-12 13:10:05','1','2013-08-12 13:10:05',NULL,'0'),('55812b8e320f4741ad16bbda151dedf9','6106c35bbc59409b9c2e7510c6da6e67','createtime','createtime','datetime','java.util.Date','createtime','0','1','1','1','0','0','=','dateselect','',NULL,40,'1','2016-06-22 14:27:31','1','2016-06-22 14:27:31',NULL,'0'),('56fa71c0bd7e4132931874e548dc9ba5','6e05c389f3c6415ea34e55e9dfb28934','update_by','更新者','varchar2(64)','com.thinkgem.jeesite.modules.modules.sys.entity.User','updateBy.id','0','0','1','1','0','0','=','input',NULL,NULL,6,'1','2013-08-12 13:10:05','1','2013-08-12 13:10:05',NULL,'0'),('5a4a1933c9c844fdba99de043dc8205e','aef6f1fc948f4c9ab1c1b780bc471cc2','update_by','更新者','varchar2(64)','com.thinkgem.jeesite.modules.modules.sys.entity.User','updateBy.id','0','0','1','1','0','0','=','input',NULL,NULL,10,'1','2013-08-12 13:10:05','1','2013-08-12 13:10:05',NULL,'0'),('5d414576a02c4c54a5651c8bd47d5de8','80d5844ad38040ecba01a36f22dc8e4a','create_by','create_by','varchar(64)','com.thinkgem.jeesite.modules.sys.entity.User','createBy.id','0','1','1','0','0','0','=','input','',NULL,30,'1','2016-06-22 14:47:27','1','2016-06-22 14:47:27',NULL,'1'),('5e5c69bd3eaa4dcc9743f361f3771c08','aef6f1fc948f4c9ab1c1b780bc471cc2','id','编号','varchar2(64)','String','id','1','0','1','0','0','0','=','input',NULL,NULL,1,'1','2013-08-12 13:10:05','1','2013-08-12 13:10:05',NULL,'0'),('633f5a49ec974c099158e7b3e6bfa930','f6e4dafaa72f4c509636484715f33a96','name','名称','nvarchar2(100)','String','name','0','0','1','1','1','1','like','input',NULL,NULL,4,'1','2013-08-12 13:10:05','1','2013-08-12 13:10:05',NULL,'0'),('6342930f4c0d4df69f33011f00115255','c05b40ed88ff4c39a4a40fde6d00f992','create_by','create_by','varchar(64)','com.thinkgem.jeesite.modules.sys.entity.User','createBy.id','0','1','1','0','0','0','=','input','',NULL,30,'1','2016-06-22 16:12:41','1','2016-06-22 16:12:41',NULL,'0'),('652491500f2641ffa7caf95a93e64d34','6e05c389f3c6415ea34e55e9dfb28934','update_date','更新时间','timestamp(6)','java.util.Date','updateDate','0','0','1','1','1','0','=','dateselect',NULL,NULL,7,'1','2013-08-12 13:10:05','1','2013-08-12 13:10:05',NULL,'0'),('6763ff6dc7cd4c668e76cf9b697d3ff6','f6e4dafaa72f4c509636484715f33a96','sort','排序','number(10)','Integer','sort','0','0','1','1','1','0','=','input',NULL,NULL,5,'1','2013-08-12 13:10:05','1','2013-08-12 13:10:05',NULL,'0'),('67d0331f809a48ee825602659f0778e8','43d6d5acffa14c258340ce6765e46c6f','name','名称','nvarchar2(100)','String','name','0','1','1','1','1','1','like','input',NULL,NULL,5,'1','2013-08-12 13:10:05','1','2013-08-12 13:10:05',NULL,'0'),('68345713bef3445c906f70e68f55de38','6e05c389f3c6415ea34e55e9dfb28934','test_data_main_id','业务主表','varchar2(64)','String','testDataMain.id','0','1','1','1','0','0','=','input',NULL,NULL,2,'1','2013-08-12 13:10:05','1','2013-08-12 13:10:05',NULL,'0'),('71ea4bc10d274911b405f3165fc1bb1a','aef6f1fc948f4c9ab1c1b780bc471cc2','area_id','归属区域','nvarchar2(64)','com.thinkgem.jeesite.modules.modules.sys.entity.Area','area.id|name','0','1','1','1','1','1','=','areaselect',NULL,NULL,4,'1','2013-08-12 13:10:05','1','2013-08-12 13:10:05',NULL,'0'),('784e48f40322456a9ee5d3a44277d6f9','80d5844ad38040ecba01a36f22dc8e4a','create_date','create_date','timestamp','java.util.Date','createDate','0','0','1','0','0','0','=','dateselect','',NULL,40,'1','2016-06-22 14:47:27','1','2016-06-22 14:47:27',NULL,'1'),('7f871058d94c4d9a89084be7c9ce806d','6e05c389f3c6415ea34e55e9dfb28934','remarks','备注信息','nvarchar2(255)','String','remarks','0','1','1','1','1','0','=','input',NULL,NULL,8,'1','2013-08-12 13:10:05','1','2013-08-12 13:10:05',NULL,'0'),('80a83d6bc055482286e9102a828b3242','c05b40ed88ff4c39a4a40fde6d00f992','remarks','remarks','varchar(255)','String','remarks','0','1','1','1','1','0','=','textarea','',NULL,70,'1','2016-06-22 16:12:41','1','2016-06-22 16:12:41',NULL,'0'),('8966d6e63f0e44b0a7563bdfb77b364a','6106c35bbc59409b9c2e7510c6da6e67','type','type','int(11)','String','type','0','1','1','1','0','0','=','input','',NULL,30,'1','2016-06-22 14:27:31','1','2016-06-22 14:27:31',NULL,'0'),('8b48774cfe184913b8b5eb17639cf12d','43d6d5acffa14c258340ce6765e46c6f','create_by','创建者','varchar2(64)','com.thinkgem.jeesite.modules.modules.sys.entity.User','createBy.id','0','0','1','0','0','0','=','input',NULL,NULL,8,'1','2013-08-12 13:10:05','1','2013-08-12 13:10:05',NULL,'0'),('8b7cf0525519474ebe1de9e587eb7067','6e05c389f3c6415ea34e55e9dfb28934','create_date','创建时间','timestamp(6)','java.util.Date','createDate','0','0','1','0','0','0','=','dateselect',NULL,NULL,5,'1','2013-08-12 13:10:05','1','2013-08-12 13:10:05',NULL,'0'),('8b9de88df53e485d8ef461c4b1824bc1','43d6d5acffa14c258340ce6765e46c6f','user_id','归属用户','varchar2(64)','com.thinkgem.jeesite.modules.modules.sys.entity.User','user.id|name','0','1','1','1','1','1','=','userselect',NULL,NULL,2,'1','2013-08-12 13:10:05','1','2013-08-12 13:10:05',NULL,'0'),('8da38dbe5fe54e9bb1f9682c27fbf403','aef6f1fc948f4c9ab1c1b780bc471cc2','remarks','备注信息','nvarchar2(255)','String','remarks','0','1','1','1','1','0','=','textarea',NULL,NULL,12,'1','2013-08-12 13:10:05','1','2013-08-12 13:10:05',NULL,'0'),('92481c16a0b94b0e8bba16c3c54eb1e4','f6e4dafaa72f4c509636484715f33a96','create_date','创建时间','timestamp(6)','java.util.Date','createDate','0','0','1','0','0','0','=','dateselect',NULL,NULL,7,'1','2013-08-12 13:10:05','1','2013-08-12 13:10:05',NULL,'0'),('9a012c1d2f934dbf996679adb7cc827a','f6e4dafaa72f4c509636484715f33a96','parent_id','父级编号','varchar2(64)','This','parent.id|name','0','0','1','1','0','0','=','treeselect',NULL,NULL,2,'1','2013-08-12 13:10:05','1','2013-08-12 13:10:05',NULL,'0'),('a706e223f3c04eaeb7a13755f8f2ece9','80d5844ad38040ecba01a36f22dc8e4a','update_date','update_date','timestamp','java.util.Date','updateDate','0','0','1','1','1','0','=','dateselect','',NULL,60,'1','2016-06-22 14:47:27','1','2016-06-22 14:47:27',NULL,'1'),('ad3bf0d4b44b4528a5211a66af88f322','aef6f1fc948f4c9ab1c1b780bc471cc2','office_id','归属部门','varchar2(64)','com.thinkgem.jeesite.modules.modules.sys.entity.Office','office.id|name','0','1','1','1','1','1','=','officeselect',NULL,NULL,3,'1','2013-08-12 13:10:05','1','2013-08-12 13:10:05',NULL,'0'),('af203fe561fe4c588f1a251c22118e1a','80d5844ad38040ecba01a36f22dc8e4a','id','id','varchar(64)','String','id','0','1','1','0','0','0','=','input','',NULL,10,'1','2016-06-22 14:47:27','1','2016-06-22 14:47:27',NULL,'1'),('bb1256a8d1b741f6936d8fed06f45eed','f6e4dafaa72f4c509636484715f33a96','update_by','更新者','varchar2(64)','com.thinkgem.jeesite.modules.modules.sys.entity.User','updateBy.id','0','0','1','1','0','0','=','input',NULL,NULL,8,'1','2013-08-12 13:10:05','1','2013-08-12 13:10:05',NULL,'0'),('c1aa3ceb164244f78aa4824e371586eb','80d5844ad38040ecba01a36f22dc8e4a','bus_id','bus_id','varchar(64)','String','busId','0','1','1','1','0','0','=','input','',NULL,20,'1','2016-06-22 14:47:27','1','2016-06-22 14:47:27',NULL,'1'),('c56b5ca2fd9b4711b9cfd51de2739cd1','c05b40ed88ff4c39a4a40fde6d00f992','del_flag','del_flag','char(1)','String','delFlag','0','1','1','0','0','0','=','radiobox','del_flag',NULL,80,'1','2016-06-22 16:12:41','1','2016-06-22 16:12:41',NULL,'0'),('ca68a2d403f0449cbaa1d54198c6f350','43d6d5acffa14c258340ce6765e46c6f','office_id','归属部门','varchar2(64)','com.thinkgem.jeesite.modules.modules.sys.entity.Office','office.id|name','0','1','1','1','0','0','=','officeselect',NULL,NULL,3,'1','2013-08-12 13:10:05','1','2013-08-12 13:10:05',NULL,'0'),('cb9c0ec3da26432d9cbac05ede0fd1d0','43d6d5acffa14c258340ce6765e46c6f','remarks','备注信息','nvarchar2(255)','String','remarks','0','1','1','1','1','0','=','textarea',NULL,NULL,12,'1','2013-08-12 13:10:05','1','2013-08-12 13:10:05',NULL,'0'),('cfcfa06ea61749c9b4c4dbc507e0e580','f6e4dafaa72f4c509636484715f33a96','id','编号','varchar2(64)','String','id','1','0','1','0','0','0','=','input',NULL,NULL,1,'1','2013-08-12 13:10:05','1','2013-08-12 13:10:05',NULL,'0'),('d410f96f2f934b959cdd83977ee60251','c05b40ed88ff4c39a4a40fde6d00f992','bus_id','bus_id','varchar(64)','String','busId','0','1','1','1','0','0','=','input','',NULL,20,'1','2016-06-22 16:12:41','1','2016-06-22 16:12:41',NULL,'0'),('d5c2d932ae904aa8a9f9ef34cd36fb0b','43d6d5acffa14c258340ce6765e46c6f','sex','性别','char(1)','String','sex','0','1','1','1','0','1','=','select','sex',NULL,6,'1','2013-08-12 13:10:05','1','2013-08-12 13:10:05',NULL,'0'),('dc616812f661435485f10214b41f844e','c05b40ed88ff4c39a4a40fde6d00f992','create_date','create_date','timestamp','java.util.Date','createDate','0','0','1','0','0','0','=','dateselect','',NULL,40,'1','2016-06-22 16:12:41','1','2016-06-22 16:12:41',NULL,'0'),('e64050a2ebf041faa16f12dda5dcf784','6e05c389f3c6415ea34e55e9dfb28934','name','名称','nvarchar2(100)','String','name','0','1','1','1','1','1','like','input',NULL,NULL,3,'1','2013-08-12 13:10:05','1','2013-08-12 13:10:05',NULL,'0'),('e8d11127952d4aa288bb3901fc83127f','43d6d5acffa14c258340ce6765e46c6f','del_flag','删除标记（0：正常；1：删除）','char(1)','String','delFlag','0','0','1','0','0','0','=','radiobox','del_flag',NULL,13,'1','2013-08-12 13:10:05','1','2013-08-12 13:10:05',NULL,'0'),('eb2e5afd13f147a990d30e68e7f64e12','aef6f1fc948f4c9ab1c1b780bc471cc2','update_date','更新时间','timestamp(6)','java.util.Date','updateDate','0','0','1','1','1','0','=','dateselect',NULL,NULL,11,'1','2013-08-12 13:10:05','1','2013-08-12 13:10:05',NULL,'0'),('eea7329c75574f88a9ca2290a2e8e9dd','80d5844ad38040ecba01a36f22dc8e4a','update_by','update_by','varchar(64)','com.thinkgem.jeesite.modules.sys.entity.User','updateBy.id','0','1','1','1','0','0','=','input','',NULL,50,'1','2016-06-22 14:47:27','1','2016-06-22 14:47:27',NULL,'1'),('f09d0a7299154bf08530b50388df7f99','80d5844ad38040ecba01a36f22dc8e4a','del_flag','del_flag','char(1)','String','delFlag','0','1','1','0','0','0','=','radiobox','del_flag',NULL,80,'1','2016-06-22 14:47:27','1','2016-06-22 14:47:27',NULL,'1'),('f5ed8c82bad0413fbfcccefa95931358','f6e4dafaa72f4c509636484715f33a96','remarks','备注信息','nvarchar2(255)','String','remarks','0','1','1','1','1','0','=','textarea',NULL,NULL,10,'1','2013-08-12 13:10:05','1','2013-08-12 13:10:05',NULL,'0');

/*Table structure for table `gen_template` */

DROP TABLE IF EXISTS `gen_template`;

CREATE TABLE `gen_template` (
  `id` varchar(64) NOT NULL COMMENT '编号',
  `name` varchar(200) DEFAULT NULL COMMENT '名称',
  `category` varchar(2000) DEFAULT NULL COMMENT '分类',
  `file_path` varchar(500) DEFAULT NULL COMMENT '生成文件路径',
  `file_name` varchar(200) DEFAULT NULL COMMENT '生成文件名',
  `content` text COMMENT '内容',
  `create_by` varchar(64) DEFAULT NULL COMMENT '创建者',
  `create_date` datetime DEFAULT NULL COMMENT '创建时间',
  `update_by` varchar(64) DEFAULT NULL COMMENT '更新者',
  `update_date` datetime DEFAULT NULL COMMENT '更新时间',
  `remarks` varchar(255) DEFAULT NULL COMMENT '备注信息',
  `del_flag` char(1) NOT NULL DEFAULT '0' COMMENT '删除标记（0：正常；1：删除）',
  PRIMARY KEY (`id`),
  KEY `gen_template_del_falg` (`del_flag`)
) ENGINE=InnoDB DEFAULT CHARSET=utf8 COMMENT='代码模板表';

/*Data for the table `gen_template` */

/*Table structure for table `oa_leave` */

DROP TABLE IF EXISTS `oa_leave`;

CREATE TABLE `oa_leave` (
  `id` varchar(64) NOT NULL COMMENT '编号',
  `process_instance_id` varchar(64) DEFAULT NULL COMMENT '流程实例编号',
  `start_time` datetime DEFAULT NULL COMMENT '开始时间',
  `end_time` datetime DEFAULT NULL COMMENT '结束时间',
  `leave_type` varchar(20) DEFAULT NULL COMMENT '请假类型',
  `reason` varchar(255) DEFAULT NULL COMMENT '请假理由',
  `apply_time` datetime DEFAULT NULL COMMENT '申请时间',
  `reality_start_time` datetime DEFAULT NULL COMMENT '实际开始时间',
  `reality_end_time` datetime DEFAULT NULL COMMENT '实际结束时间',
  `create_by` varchar(64) NOT NULL COMMENT '创建者',
  `create_date` datetime NOT NULL COMMENT '创建时间',
  `update_by` varchar(64) NOT NULL COMMENT '更新者',
  `update_date` datetime NOT NULL COMMENT '更新时间',
  `remarks` varchar(255) DEFAULT NULL COMMENT '备注信息',
  `del_flag` char(1) NOT NULL DEFAULT '0' COMMENT '删除标记',
  PRIMARY KEY (`id`),
  KEY `oa_leave_create_by` (`create_by`),
  KEY `oa_leave_process_instance_id` (`process_instance_id`),
  KEY `oa_leave_del_flag` (`del_flag`)
) ENGINE=InnoDB DEFAULT CHARSET=utf8 COMMENT='请假流程表';

/*Data for the table `oa_leave` */

/*Table structure for table `oa_notify` */

DROP TABLE IF EXISTS `oa_notify`;

CREATE TABLE `oa_notify` (
  `id` varchar(64) NOT NULL COMMENT '编号',
  `type` char(1) DEFAULT NULL COMMENT '类型',
  `title` varchar(200) DEFAULT NULL COMMENT '标题',
  `content` varchar(2000) DEFAULT NULL COMMENT '内容',
  `files` varchar(2000) DEFAULT NULL COMMENT '附件',
  `status` char(1) DEFAULT NULL COMMENT '状态',
  `create_by` varchar(64) NOT NULL COMMENT '创建者',
  `create_date` datetime NOT NULL COMMENT '创建时间',
  `update_by` varchar(64) NOT NULL COMMENT '更新者',
  `update_date` datetime NOT NULL COMMENT '更新时间',
  `remarks` varchar(255) DEFAULT NULL COMMENT '备注信息',
  `del_flag` char(1) NOT NULL DEFAULT '0' COMMENT '删除标记',
  PRIMARY KEY (`id`),
  KEY `oa_notify_del_flag` (`del_flag`)
) ENGINE=InnoDB DEFAULT CHARSET=utf8 COMMENT='通知通告';

/*Data for the table `oa_notify` */

/*Table structure for table `oa_notify_record` */

DROP TABLE IF EXISTS `oa_notify_record`;

CREATE TABLE `oa_notify_record` (
  `id` varchar(64) NOT NULL COMMENT '编号',
  `oa_notify_id` varchar(64) DEFAULT NULL COMMENT '通知通告ID',
  `user_id` varchar(64) DEFAULT NULL COMMENT '接受人',
  `read_flag` char(1) DEFAULT '0' COMMENT '阅读标记',
  `read_date` date DEFAULT NULL COMMENT '阅读时间',
  PRIMARY KEY (`id`),
  KEY `oa_notify_record_notify_id` (`oa_notify_id`),
  KEY `oa_notify_record_user_id` (`user_id`),
  KEY `oa_notify_record_read_flag` (`read_flag`)
) ENGINE=InnoDB DEFAULT CHARSET=utf8 COMMENT='通知通告发送记录';

/*Data for the table `oa_notify_record` */

/*Table structure for table `oa_test_audit` */

DROP TABLE IF EXISTS `oa_test_audit`;

CREATE TABLE `oa_test_audit` (
  `id` varchar(64) NOT NULL COMMENT '编号',
  `PROC_INS_ID` varchar(64) DEFAULT NULL COMMENT '流程实例ID',
  `USER_ID` varchar(64) DEFAULT NULL COMMENT '变动用户',
  `OFFICE_ID` varchar(64) DEFAULT NULL COMMENT '归属部门',
  `POST` varchar(255) DEFAULT NULL COMMENT '岗位',
  `AGE` char(1) DEFAULT NULL COMMENT '性别',
  `EDU` varchar(255) DEFAULT NULL COMMENT '学历',
  `CONTENT` varchar(255) DEFAULT NULL COMMENT '调整原因',
  `OLDA` varchar(255) DEFAULT NULL COMMENT '现行标准 薪酬档级',
  `OLDB` varchar(255) DEFAULT NULL COMMENT '现行标准 月工资额',
  `OLDC` varchar(255) DEFAULT NULL COMMENT '现行标准 年薪总额',
  `NEWA` varchar(255) DEFAULT NULL COMMENT '调整后标准 薪酬档级',
  `NEWB` varchar(255) DEFAULT NULL COMMENT '调整后标准 月工资额',
  `NEWC` varchar(255) DEFAULT NULL COMMENT '调整后标准 年薪总额',
  `ADD_NUM` varchar(255) DEFAULT NULL COMMENT '月增资',
  `EXE_DATE` varchar(255) DEFAULT NULL COMMENT '执行时间',
  `HR_TEXT` varchar(255) DEFAULT NULL COMMENT '人力资源部门意见',
  `LEAD_TEXT` varchar(255) DEFAULT NULL COMMENT '分管领导意见',
  `MAIN_LEAD_TEXT` varchar(255) DEFAULT NULL COMMENT '集团主要领导意见',
  `create_by` varchar(64) NOT NULL COMMENT '创建者',
  `create_date` datetime NOT NULL COMMENT '创建时间',
  `update_by` varchar(64) NOT NULL COMMENT '更新者',
  `update_date` datetime NOT NULL COMMENT '更新时间',
  `remarks` varchar(255) DEFAULT NULL COMMENT '备注信息',
  `del_flag` char(1) NOT NULL DEFAULT '0' COMMENT '删除标记',
  PRIMARY KEY (`id`),
  KEY `OA_TEST_AUDIT_del_flag` (`del_flag`)
) ENGINE=InnoDB DEFAULT CHARSET=utf8 COMMENT='审批流程测试表';

/*Data for the table `oa_test_audit` */

/*Table structure for table `order` */

DROP TABLE IF EXISTS `order`;

CREATE TABLE `order` (
  `orderid` varchar(11) DEFAULT NULL,
  `ordername` varchar(50) DEFAULT NULL,
  `type` int(11) DEFAULT NULL,
  `createtime` datetime DEFAULT NULL
) ENGINE=InnoDB DEFAULT CHARSET=utf8;

/*Data for the table `order` */

/*Table structure for table `sys_area` */

DROP TABLE IF EXISTS `sys_area`;

CREATE TABLE `sys_area` (
  `id` varchar(64) NOT NULL COMMENT '编号',
  `parent_id` varchar(64) NOT NULL COMMENT '父级编号',
  `parent_ids` varchar(2000) NOT NULL COMMENT '所有父级编号',
  `name` varchar(100) NOT NULL COMMENT '名称',
  `sort` decimal(10,0) NOT NULL COMMENT '排序',
  `code` varchar(100) DEFAULT NULL COMMENT '区域编码',
  `type` char(1) DEFAULT NULL COMMENT '区域类型',
  `create_by` varchar(64) NOT NULL COMMENT '创建者',
  `create_date` datetime NOT NULL COMMENT '创建时间',
  `update_by` varchar(64) NOT NULL COMMENT '更新者',
  `update_date` datetime NOT NULL COMMENT '更新时间',
  `remarks` varchar(255) DEFAULT NULL COMMENT '备注信息',
  `del_flag` char(1) NOT NULL DEFAULT '0' COMMENT '删除标记',
  PRIMARY KEY (`id`),
  KEY `sys_area_parent_id` (`parent_id`),
  KEY `sys_area_del_flag` (`del_flag`)
) ENGINE=InnoDB DEFAULT CHARSET=utf8 COMMENT='区域表';

/*Data for the table `sys_area` */

insert  into `sys_area`(`id`,`parent_id`,`parent_ids`,`name`,`sort`,`code`,`type`,`create_by`,`create_date`,`update_by`,`update_date`,`remarks`,`del_flag`) values ('1','0','0,','中国',10,'100000','1','1','2013-05-27 08:00:00','1','2013-05-27 08:00:00',NULL,'0'),('2','1','0,1,','山东省',20,'110000','2','1','2013-05-27 08:00:00','1','2013-05-27 08:00:00',NULL,'0'),('3','2','0,1,2,','济南市',30,'110101','3','1','2013-05-27 08:00:00','1','2013-05-27 08:00:00',NULL,'0'),('4','3','0,1,2,3,','历城区',40,'110102','4','1','2013-05-27 08:00:00','1','2013-05-27 08:00:00',NULL,'0'),('5','3','0,1,2,3,','历下区',50,'110104','4','1','2013-05-27 08:00:00','1','2013-05-27 08:00:00',NULL,'0'),('6','3','0,1,2,3,','高新区',60,'110105','4','1','2013-05-27 08:00:00','1','2013-05-27 08:00:00',NULL,'0');

/*Table structure for table `sys_dict` */

DROP TABLE IF EXISTS `sys_dict`;

CREATE TABLE `sys_dict` (
  `id` varchar(64) NOT NULL COMMENT '编号',
  `value` varchar(100) NOT NULL COMMENT '数据值',
  `label` varchar(100) NOT NULL COMMENT '标签名',
  `type` varchar(100) NOT NULL COMMENT '类型',
  `description` varchar(100) NOT NULL COMMENT '描述',
  `sort` decimal(10,0) NOT NULL COMMENT '排序（升序）',
  `parent_id` varchar(64) DEFAULT '0' COMMENT '父级编号',
  `create_by` varchar(64) NOT NULL COMMENT '创建者',
  `create_date` datetime NOT NULL COMMENT '创建时间',
  `update_by` varchar(64) NOT NULL COMMENT '更新者',
  `update_date` datetime NOT NULL COMMENT '更新时间',
  `remarks` varchar(255) DEFAULT NULL COMMENT '备注信息',
  `del_flag` char(1) NOT NULL DEFAULT '0' COMMENT '删除标记',
  PRIMARY KEY (`id`),
  KEY `sys_dict_value` (`value`),
  KEY `sys_dict_label` (`label`),
  KEY `sys_dict_del_flag` (`del_flag`)
) ENGINE=InnoDB DEFAULT CHARSET=utf8 COMMENT='字典表';

/*Data for the table `sys_dict` */

insert  into `sys_dict`(`id`,`value`,`label`,`type`,`description`,`sort`,`parent_id`,`create_by`,`create_date`,`update_by`,`update_date`,`remarks`,`del_flag`) values ('1','0','正常','del_flag','删除标记',10,'0','1','2013-05-27 08:00:00','1','2013-05-27 08:00:00',NULL,'0'),('10','yellow','黄色','color','颜色值',40,'0','1','2013-05-27 08:00:00','1','2013-05-27 08:00:00',NULL,'0'),('100','java.util.Date','Date','gen_java_type','Java类型\0\0',50,'0','1','2013-10-28 08:00:00','1','2013-10-28 08:00:00',NULL,'1'),('101','com.thinkgem.jeesite.modules.sys.entity.User','User','gen_java_type','Java类型\0\0',60,'0','1','2013-10-28 08:00:00','1','2013-10-28 08:00:00',NULL,'1'),('102','com.thinkgem.jeesite.modules.sys.entity.Office','Office','gen_java_type','Java类型\0\0',70,'0','1','2013-10-28 08:00:00','1','2013-10-28 08:00:00',NULL,'1'),('103','com.thinkgem.jeesite.modules.sys.entity.Area','Area','gen_java_type','Java类型\0\0',80,'0','1','2013-10-28 08:00:00','1','2013-10-28 08:00:00',NULL,'1'),('104','Custom','Custom','gen_java_type','Java类型\0\0',90,'0','1','2013-10-28 08:00:00','1','2013-10-28 08:00:00',NULL,'1'),('105','1','会议通告\0\0\0\0','oa_notify_type','通知通告类型',10,'0','1','2013-11-08 08:00:00','1','2013-11-08 08:00:00',NULL,'0'),('106','2','奖惩通告\0\0\0\0','oa_notify_type','通知通告类型',20,'0','1','2013-11-08 08:00:00','1','2013-11-08 08:00:00',NULL,'0'),('107','3','活动通告\0\0\0\0','oa_notify_type','通知通告类型',30,'0','1','2013-11-08 08:00:00','1','2013-11-08 08:00:00',NULL,'0'),('108','0','草稿','oa_notify_status','通知通告状态',10,'0','1','2013-11-08 08:00:00','1','2013-11-08 08:00:00',NULL,'0'),('109','1','发布','oa_notify_status','通知通告状态',20,'0','1','2013-11-08 08:00:00','1','2013-11-08 08:00:00',NULL,'0'),('11','orange','橙色','color','颜色值',50,'0','1','2013-05-27 08:00:00','1','2013-05-27 08:00:00',NULL,'0'),('110','0','未读','oa_notify_read','通知通告状态',10,'0','1','2013-11-08 08:00:00','1','2013-11-08 08:00:00',NULL,'0'),('111','1','已读','oa_notify_read','通知通告状态',20,'0','1','2013-11-08 08:00:00','1','2013-11-08 08:00:00',NULL,'0'),('12','default','默认主题','theme','主题方案',10,'0','1','2013-05-27 08:00:00','1','2013-05-27 08:00:00',NULL,'0'),('13','cerulean','天蓝主题','theme','主题方案',20,'0','1','2013-05-27 08:00:00','1','2013-05-27 08:00:00',NULL,'0'),('14','readable','橙色主题','theme','主题方案',30,'0','1','2013-05-27 08:00:00','1','2013-05-27 08:00:00',NULL,'0'),('15','united','红色主题','theme','主题方案',40,'0','1','2013-05-27 08:00:00','1','2013-05-27 08:00:00',NULL,'0'),('16','flat','Flat主题','theme','主题方案',60,'0','1','2013-05-27 08:00:00','1','2013-05-27 08:00:00',NULL,'0'),('17','1','国家','sys_area_type','区域类型',10,'0','1','2013-05-27 08:00:00','1','2013-05-27 08:00:00',NULL,'0'),('18','2','省份、直辖市','sys_area_type','区域类型',20,'0','1','2013-05-27 08:00:00','1','2013-05-27 08:00:00',NULL,'0'),('19','3','地市','sys_area_type','区域类型',30,'0','1','2013-05-27 08:00:00','1','2013-05-27 08:00:00',NULL,'0'),('2','1','删除','del_flag','删除标记',20,'0','1','2013-05-27 08:00:00','1','2013-05-27 08:00:00',NULL,'0'),('20','4','区县','sys_area_type','区域类型',40,'0','1','2013-05-27 08:00:00','1','2013-05-27 08:00:00',NULL,'0'),('21','1','公司','sys_office_type','机构类型',60,'0','1','2013-05-27 08:00:00','1','2013-05-27 08:00:00',NULL,'0'),('22','2','部门','sys_office_type','机构类型',70,'0','1','2013-05-27 08:00:00','1','2013-05-27 08:00:00',NULL,'0'),('23','3','小组','sys_office_type','机构类型',80,'0','1','2013-05-27 08:00:00','1','2013-05-27 08:00:00',NULL,'0'),('24','4','其它','sys_office_type','机构类型',90,'0','1','2013-05-27 08:00:00','1','2013-05-27 08:00:00',NULL,'0'),('25','1','综合部','sys_office_common','快捷通用部门',30,'0','1','2013-05-27 08:00:00','1','2013-05-27 08:00:00',NULL,'0'),('26','2','开发部','sys_office_common','快捷通用部门',40,'0','1','2013-05-27 08:00:00','1','2013-05-27 08:00:00',NULL,'0'),('27','3','人力部','sys_office_common','快捷通用部门',50,'0','1','2013-05-27 08:00:00','1','2013-05-27 08:00:00',NULL,'0'),('28','1','一级','sys_office_grade','机构等级',10,'0','1','2013-05-27 08:00:00','1','2013-05-27 08:00:00',NULL,'0'),('29','2','二级','sys_office_grade','机构等级',20,'0','1','2013-05-27 08:00:00','1','2013-05-27 08:00:00',NULL,'0'),('3','1','显示','show_hide','显示/隐藏',10,'0','1','2013-05-27 08:00:00','1','2013-05-27 08:00:00',NULL,'0'),('30','3','三级','sys_office_grade','机构等级',30,'0','1','2013-05-27 08:00:00','1','2013-05-27 08:00:00',NULL,'0'),('31','4','四级','sys_office_grade','机构等级',40,'0','1','2013-05-27 08:00:00','1','2013-05-27 08:00:00',NULL,'0'),('32','1','所有数据','sys_data_scope','数据范围',10,'0','1','2013-05-27 08:00:00','1','2013-05-27 08:00:00',NULL,'0'),('33','2','所在公司及以下数据','sys_data_scope','数据范围',20,'0','1','2013-05-27 08:00:00','1','2013-05-27 08:00:00',NULL,'0'),('34','3','所在公司数据','sys_data_scope','数据范围',30,'0','1','2013-05-27 08:00:00','1','2013-05-27 08:00:00',NULL,'0'),('35','4','所在部门及以下数据','sys_data_scope','数据范围',40,'0','1','2013-05-27 08:00:00','1','2013-05-27 08:00:00',NULL,'0'),('36','5','所在部门数据','sys_data_scope','数据范围',50,'0','1','2013-05-27 08:00:00','1','2013-05-27 08:00:00',NULL,'0'),('37','8','仅本人数据','sys_data_scope','数据范围',90,'0','1','2013-05-27 08:00:00','1','2013-05-27 08:00:00',NULL,'0'),('38','9','按明细设置','sys_data_scope','数据范围',100,'0','1','2013-05-27 08:00:00','1','2013-05-27 08:00:00',NULL,'0'),('39','1','系统管理','sys_user_type','用户类型',10,'0','1','2013-05-27 08:00:00','1','2013-05-27 08:00:00',NULL,'0'),('4','0','隐藏','show_hide','显示/隐藏',20,'0','1','2013-05-27 08:00:00','1','2013-05-27 08:00:00',NULL,'0'),('40','2','部门经理','sys_user_type','用户类型',20,'0','1','2013-05-27 08:00:00','1','2013-05-27 08:00:00',NULL,'0'),('41','3','普通用户','sys_user_type','用户类型',30,'0','1','2013-05-27 08:00:00','1','2013-05-27 08:00:00',NULL,'0'),('42','basic','基础主题','cms_theme','站点主题',10,'0','1','2013-05-27 08:00:00','1','2013-05-27 08:00:00',NULL,'0'),('43','blue','蓝色主题','cms_theme','站点主题',20,'0','1','2013-05-27 08:00:00','1','2013-05-27 08:00:00',NULL,'1'),('44','red','红色主题','cms_theme','站点主题',30,'0','1','2013-05-27 08:00:00','1','2013-05-27 08:00:00',NULL,'1'),('45','article','文章模型','cms_module','栏目模型',10,'0','1','2013-05-27 08:00:00','1','2013-05-27 08:00:00',NULL,'0'),('46','picture','图片模型','cms_module','栏目模型',20,'0','1','2013-05-27 08:00:00','1','2013-05-27 08:00:00',NULL,'1'),('47','download','下载模型','cms_module','栏目模型',30,'0','1','2013-05-27 08:00:00','1','2013-05-27 08:00:00',NULL,'1'),('48','link','链接模型','cms_module','栏目模型',40,'0','1','2013-05-27 08:00:00','1','2013-05-27 08:00:00',NULL,'0'),('49','special','专题模型','cms_module','栏目模型',50,'0','1','2013-05-27 08:00:00','1','2013-05-27 08:00:00',NULL,'1'),('5','1','是','yes_no','是/否',10,'0','1','2013-05-27 08:00:00','1','2013-05-27 08:00:00',NULL,'0'),('50','0','默认展现方式','cms_show_modes','展现方式',10,'0','1','2013-05-27 08:00:00','1','2013-05-27 08:00:00',NULL,'0'),('51','1','首栏目内容列表','cms_show_modes','展现方式',20,'0','1','2013-05-27 08:00:00','1','2013-05-27 08:00:00',NULL,'0'),('52','2','栏目第一条内容','cms_show_modes','展现方式',30,'0','1','2013-05-27 08:00:00','1','2013-05-27 08:00:00',NULL,'0'),('53','0','发布','cms_del_flag','内容状态',10,'0','1','2013-05-27 08:00:00','1','2013-05-27 08:00:00',NULL,'0'),('54','1','删除','cms_del_flag','内容状态',20,'0','1','2013-05-27 08:00:00','1','2013-05-27 08:00:00',NULL,'0'),('55','2','审核','cms_del_flag','内容状态',15,'0','1','2013-05-27 08:00:00','1','2013-05-27 08:00:00',NULL,'0'),('56','1','首页焦点图','cms_posid','推荐位',10,'0','1','2013-05-27 08:00:00','1','2013-05-27 08:00:00',NULL,'0'),('57','2','栏目页文章推荐','cms_posid','推荐位',20,'0','1','2013-05-27 08:00:00','1','2013-05-27 08:00:00',NULL,'0'),('58','1','咨询','cms_guestbook','留言板分类',10,'0','1','2013-05-27 08:00:00','1','2013-05-27 08:00:00',NULL,'0'),('59','2','建议','cms_guestbook','留言板分类',20,'0','1','2013-05-27 08:00:00','1','2013-05-27 08:00:00',NULL,'0'),('6','0','否','yes_no','是/否',20,'0','1','2013-05-27 08:00:00','1','2013-05-27 08:00:00',NULL,'0'),('60','3','投诉','cms_guestbook','留言板分类',30,'0','1','2013-05-27 08:00:00','1','2013-05-27 08:00:00',NULL,'0'),('61','4','其它','cms_guestbook','留言板分类',40,'0','1','2013-05-27 08:00:00','1','2013-05-27 08:00:00',NULL,'0'),('62','1','公休','oa_leave_type','请假类型',10,'0','1','2013-05-27 08:00:00','1','2013-05-27 08:00:00',NULL,'0'),('63','2','病假','oa_leave_type','请假类型',20,'0','1','2013-05-27 08:00:00','1','2013-05-27 08:00:00',NULL,'0'),('64','3','事假','oa_leave_type','请假类型',30,'0','1','2013-05-27 08:00:00','1','2013-05-27 08:00:00',NULL,'0'),('65','4','调休','oa_leave_type','请假类型',40,'0','1','2013-05-27 08:00:00','1','2013-05-27 08:00:00',NULL,'0'),('66','5','婚假','oa_leave_type','请假类型',60,'0','1','2013-05-27 08:00:00','1','2013-05-27 08:00:00',NULL,'0'),('67','1','接入日志','sys_log_type','日志类型',30,'0','1','2013-06-03 08:00:00','1','2013-06-03 08:00:00',NULL,'0'),('68','2','异常日志','sys_log_type','日志类型',40,'0','1','2013-06-03 08:00:00','1','2013-06-03 08:00:00',NULL,'0'),('69','leave','请假流程','act_type','流程类型',10,'0','1','2013-06-03 08:00:00','1','2013-06-03 08:00:00',NULL,'0'),('7','red','红色','color','颜色值',10,'0','1','2013-05-27 08:00:00','1','2013-05-27 08:00:00',NULL,'0'),('70','test_audit','审批测试流程','act_type','流程类型',20,'0','1','2013-06-03 08:00:00','1','2013-06-03 08:00:00',NULL,'0'),('71','1','分类1','act_category','流程分类',10,'0','1','2013-06-03 08:00:00','1','2013-06-03 08:00:00',NULL,'0'),('72','2','分类2','act_category','流程分类',20,'0','1','2013-06-03 08:00:00','1','2013-06-03 08:00:00',NULL,'0'),('73','crud','增删改查','gen_category','代码生成分类',10,'0','1','2013-10-28 08:00:00','1','2013-10-28 08:00:00',NULL,'1'),('74','crud_many','增删改查（包含从表）','gen_category','代码生成分类',20,'0','1','2013-10-28 08:00:00','1','2013-10-28 08:00:00',NULL,'1'),('75','tree','树结构','gen_category','代码生成分类',30,'0','1','2013-10-28 08:00:00','1','2013-10-28 08:00:00',NULL,'1'),('76','=','=','gen_query_type','查询方式',10,'0','1','2013-10-28 08:00:00','1','2013-10-28 08:00:00',NULL,'1'),('77','!=','!=','gen_query_type','查询方式',20,'0','1','2013-10-28 08:00:00','1','2013-10-28 08:00:00',NULL,'1'),('78','&gt;','&gt;','gen_query_type','查询方式',30,'0','1','2013-10-28 08:00:00','1','2013-10-28 08:00:00',NULL,'1'),('79','&lt;','&lt;','gen_query_type','查询方式',40,'0','1','2013-10-28 08:00:00','1','2013-10-28 08:00:00',NULL,'1'),('8','green','绿色','color','颜色值',20,'0','1','2013-05-27 08:00:00','1','2013-05-27 08:00:00',NULL,'0'),('80','between','Between','gen_query_type','查询方式',50,'0','1','2013-10-28 08:00:00','1','2013-10-28 08:00:00',NULL,'1'),('81','like','Like','gen_query_type','查询方式',60,'0','1','2013-10-28 08:00:00','1','2013-10-28 08:00:00',NULL,'1'),('82','left_like','Left Like','gen_query_type','查询方式',70,'0','1','2013-10-28 08:00:00','1','2013-10-28 08:00:00',NULL,'1'),('83','right_like','Right Like','gen_query_type','查询方式',80,'0','1','2013-10-28 08:00:00','1','2013-10-28 08:00:00',NULL,'1'),('84','input','文本框','gen_show_type','字段生成方案',10,'0','1','2013-10-28 08:00:00','1','2013-10-28 08:00:00',NULL,'1'),('85','textarea','文本域','gen_show_type','字段生成方案',20,'0','1','2013-10-28 08:00:00','1','2013-10-28 08:00:00',NULL,'1'),('86','select','下拉框','gen_show_type','字段生成方案',30,'0','1','2013-10-28 08:00:00','1','2013-10-28 08:00:00',NULL,'1'),('87','checkbox','复选框','gen_show_type','字段生成方案',40,'0','1','2013-10-28 08:00:00','1','2013-10-28 08:00:00',NULL,'1'),('88','radiobox','单选框','gen_show_type','字段生成方案',50,'0','1','2013-10-28 08:00:00','1','2013-10-28 08:00:00',NULL,'1'),('89','dateselect','日期选择','gen_show_type','字段生成方案',60,'0','1','2013-10-28 08:00:00','1','2013-10-28 08:00:00',NULL,'1'),('9','blue','蓝色','color','颜色值',30,'0','1','2013-05-27 08:00:00','1','2013-05-27 08:00:00',NULL,'0'),('90','userselect','人员选择\0','gen_show_type','字段生成方案',70,'0','1','2013-10-28 08:00:00','1','2013-10-28 08:00:00',NULL,'1'),('91','officeselect','部门选择','gen_show_type','字段生成方案',80,'0','1','2013-10-28 08:00:00','1','2013-10-28 08:00:00',NULL,'1'),('92','areaselect','区域选择','gen_show_type','字段生成方案',90,'0','1','2013-10-28 08:00:00','1','2013-10-28 08:00:00',NULL,'1'),('93','String','String','gen_java_type','Java类型',10,'0','1','2013-10-28 08:00:00','1','2013-10-28 08:00:00',NULL,'1'),('94','Long','Long','gen_java_type','Java类型',20,'0','1','2013-10-28 08:00:00','1','2013-10-28 08:00:00',NULL,'1'),('95','dao','仅持久层','gen_category','代码生成分类\0\0\0\0\0\0',40,'0','1','2013-10-28 08:00:00','1','2013-10-28 08:00:00',NULL,'1'),('96','1','男','sex','性别',10,'0','1','2013-10-28 08:00:00','1','2013-10-28 08:00:00',NULL,'0'),('97','2','女','sex','性别',20,'0','1','2013-10-28 08:00:00','1','2013-10-28 08:00:00',NULL,'0'),('98','Integer','Integer','gen_java_type','Java类型\0\0',30,'0','1','2013-10-28 08:00:00','1','2013-10-28 08:00:00',NULL,'1'),('99','Double','Double','gen_java_type','Java类型\0\0',40,'0','1','2013-10-28 08:00:00','1','2013-10-28 08:00:00',NULL,'1');

/*Table structure for table `sys_log` */

DROP TABLE IF EXISTS `sys_log`;

CREATE TABLE `sys_log` (
  `id` varchar(64) NOT NULL COMMENT '编号',
  `type` char(1) DEFAULT '1' COMMENT '日志类型',
  `title` varchar(255) DEFAULT '' COMMENT '日志标题',
  `create_by` varchar(64) DEFAULT NULL COMMENT '创建者',
  `create_date` datetime DEFAULT NULL COMMENT '创建时间',
  `remote_addr` varchar(255) DEFAULT NULL COMMENT '操作IP地址',
  `user_agent` varchar(255) DEFAULT NULL COMMENT '用户代理',
  `request_uri` varchar(255) DEFAULT NULL COMMENT '请求URI',
  `method` varchar(5) DEFAULT NULL COMMENT '操作方式',
  `params` text COMMENT '操作提交的数据',
  `exception` text COMMENT '异常信息',
  PRIMARY KEY (`id`),
  KEY `sys_log_create_by` (`create_by`),
  KEY `sys_log_request_uri` (`request_uri`),
  KEY `sys_log_type` (`type`),
  KEY `sys_log_create_date` (`create_date`)
) ENGINE=InnoDB DEFAULT CHARSET=utf8 COMMENT='日志表';

/*Data for the table `sys_log` */

insert  into `sys_log`(`id`,`type`,`title`,`create_by`,`create_date`,`remote_addr`,`user_agent`,`request_uri`,`method`,`params`,`exception`) values ('03c2d4aa5a2b4ab5919815b6ccc49e37','1','系统登录','1','2016-06-22 16:20:03','0:0:0:0:0:0:0:1','Mozilla/5.0 (Windows NT 10.0; WOW64) AppleWebKit/537.36 (KHTML, like Gecko) Chrome/49.0.2623.75 Safari/537.36','/jeesite/a','GET','login=',''),('03c9cc192da949f8a3f0bb6a29aa6c47','1','系统设置-系统设置-角色管理','1','2016-06-22 15:13:08','0:0:0:0:0:0:0:1','Mozilla/5.0 (Windows NT 10.0; WOW64) AppleWebKit/537.36 (KHTML, like Gecko) Chrome/49.0.2623.75 Safari/537.36','/jeesite/a/sys/role/','GET','tabPageId=jerichotabiframe_9',''),('056ab73a1e9645e2b9b4cfb67e8307d6','1','系统设置-系统设置-菜单管理','1','2016-06-22 16:24:28','0:0:0:0:0:0:0:1','Mozilla/5.0 (Windows NT 10.0; WOW64) AppleWebKit/537.36 (KHTML, like Gecko) Chrome/49.0.2623.75 Safari/537.36','/jeesite/a/sys/menu/','GET','',''),('0614bb5993ad4135ad9e26a8f20d100d','1','我的面板-个人信息-个人信息','1','2016-06-22 15:40:00','192.168.8.165','Mozilla/5.0 (Windows NT 10.0; Win64; x64) AppleWebKit/537.36 (KHTML, like Gecko) Chrome/46.0.2486.0 Safari/537.36 Edge/13.10586','/jeesite/a/sys/user/info','GET','tabPageId=jerichotabiframe_0',''),('0685e21aafd0416cba60486190b15984','1','系统设置-系统设置-菜单管理','1','2016-06-22 14:56:46','0:0:0:0:0:0:0:1','Mozilla/5.0 (Windows NT 10.0; WOW64) AppleWebKit/537.36 (KHTML, like Gecko) Chrome/49.0.2623.75 Safari/537.36','/jeesite/a/sys/menu/','GET','',''),('068a2d237961471c919646225eb7d510','1','代码生成-代码生成-业务表配置','1','2016-06-22 15:43:38','0:0:0:0:0:0:0:1','Mozilla/5.0 (Windows NT 10.0; WOW64) AppleWebKit/537.36 (KHTML, like Gecko) Chrome/49.0.2623.75 Safari/537.36','/jeesite/a/gen/genTable','GET','tabPageId=jerichotabiframe_2',''),('07008e295b6a4167ac7c8d278f9b187e','1','系统登录','1','2016-06-22 14:58:50','0:0:0:0:0:0:0:1','Mozilla/5.0 (Windows NT 10.0; WOW64) AppleWebKit/537.36 (KHTML, like Gecko) Chrome/49.0.2623.75 Safari/537.36','/jeesite/a','GET','login=',''),('0726dd6e6a92492195e4b8955cc89f6c','1','系统设置-系统设置-菜单管理','1','2016-06-22 14:54:46','0:0:0:0:0:0:0:1','Mozilla/5.0 (Windows NT 10.0; WOW64) AppleWebKit/537.36 (KHTML, like Gecko) Chrome/49.0.2623.75 Safari/537.36','/jeesite/a/sys/menu/','GET','',''),('08285b24d25d4c32ae3cc325015960a9','1','系统设置-系统设置-菜单管理-查看','1','2016-06-22 15:05:20','0:0:0:0:0:0:0:1','Mozilla/5.0 (Windows NT 10.0; WOW64) AppleWebKit/537.36 (KHTML, like Gecko) Chrome/49.0.2623.75 Safari/537.36','/jeesite/a/sys/menu/form','GET','id=20',''),('09d26a830a22463d8d49211bd557a77f','1','系统设置-系统设置-菜单管理-查看','1','2016-06-22 14:55:19','0:0:0:0:0:0:0:1','Mozilla/5.0 (Windows NT 10.0; WOW64) AppleWebKit/537.36 (KHTML, like Gecko) Chrome/49.0.2623.75 Safari/537.36','/jeesite/a/sys/menu/form','GET','id=2',''),('09efbcbfe50a4f00ae04d0a5ebb4c036','1','我的面板-个人信息-个人信息','1','2016-06-22 15:38:01','192.168.8.165','Mozilla/5.0 (Windows NT 10.0; Win64; x64) AppleWebKit/537.36 (KHTML, like Gecko) Chrome/46.0.2486.0 Safari/537.36 Edge/13.10586','/jeesite/a/sys/user/info','GET','tabPageId=jerichotabiframe_0',''),('0b206a98f9454b87b6141063a9b81224','1','系统设置-系统设置-菜单管理-查看','1','2016-06-22 16:24:06','0:0:0:0:0:0:0:1','Mozilla/5.0 (Windows NT 10.0; WOW64) AppleWebKit/537.36 (KHTML, like Gecko) Chrome/49.0.2623.75 Safari/537.36','/jeesite/a/sys/menu/form','GET','id=7cdd2e5cc9ec4a498bd2c24899720023',''),('0caa46a5ecc34bc086c104faa2b7df11','1','系统设置-机构用户-用户管理-查看','1','2016-06-22 14:59:01','0:0:0:0:0:0:0:1','Mozilla/5.0 (Windows NT 10.0; WOW64) AppleWebKit/537.36 (KHTML, like Gecko) Chrome/49.0.2623.75 Safari/537.36','/jeesite/a/sys/user/list','GET','',''),('0dc053ac30c24d989280b0c337cb9e0a','1','代码生成-代码生成-业务表配置','1','2016-06-22 14:29:25','0:0:0:0:0:0:0:1','Mozilla/5.0 (Windows NT 10.0; WOW64) AppleWebKit/537.36 (KHTML, like Gecko) Chrome/49.0.2623.75 Safari/537.36','/jeesite/a/gen/genTable','GET','tabPageId=jerichotabiframe_1',''),('0e7361a6d660479780f5bad7f9330388','1','在线办公-通知通告-我的通告','1','2016-06-22 15:13:27','192.168.8.165','Mozilla/5.0 (Windows NT 10.0; Win64; x64) AppleWebKit/537.36 (KHTML, like Gecko) Chrome/46.0.2486.0 Safari/537.36 Edge/13.10586','/jeesite/a/oa/oaNotify/self','GET','tabPageId=jerichotabiframe_1',''),('120e9c49d23b46cdbb9fcd41821c6c8a','1','系统设置-机构用户-业务信息展示测试','1','2016-06-22 15:17:28','0:0:0:0:0:0:0:1','Mozilla/5.0 (Windows NT 10.0; WOW64) AppleWebKit/537.36 (KHTML, like Gecko) Chrome/49.0.2623.75 Safari/537.36','/jeesite/a/sys/demo/businessinfo/form','GET','',''),('129a9c0081334349a34f9d9157ff4baf','1','代码生成-生成示例-树结构-查看','1','2016-06-22 15:16:45','0:0:0:0:0:0:0:1','Mozilla/5.0 (Windows NT 10.0; WOW64) AppleWebKit/537.36 (KHTML, like Gecko) Chrome/49.0.2623.75 Safari/537.36','/jeesite/a/test/testTree/','GET','',''),('12c176a70d0d4203811d86d434ddf1eb','1','系统设置-系统设置-菜单管理-修改','1','2016-06-22 15:08:08','0:0:0:0:0:0:0:1','Mozilla/5.0 (Windows NT 10.0; WOW64) AppleWebKit/537.36 (KHTML, like Gecko) Chrome/49.0.2623.75 Safari/537.36','/jeesite/a/sys/menu/save','POST','id=&parent.id=13&parent.name=机构用户&name=业务信息展示测试&href=/sys/demo/businessinfo/list&target=&icon=&sort=80&isShow=1&permission=bus:*&remarks=',''),('1430467f7b254c47abd479be1f179755','1','代码生成-生成示例-树结构','1','2016-06-22 16:12:17','0:0:0:0:0:0:0:1','Mozilla/5.0 (Windows NT 10.0; WOW64) AppleWebKit/537.36 (KHTML, like Gecko) Chrome/49.0.2623.75 Safari/537.36','/jeesite/a/test/testTree','GET','tabPageId=jerichotabiframe_8',''),('15557d584d984f8384ca3a66f7c5b6a1','1','系统设置-系统设置-角色管理-查看','1','2016-06-22 16:17:53','0:0:0:0:0:0:0:1','Mozilla/5.0 (Windows NT 10.0; WOW64) AppleWebKit/537.36 (KHTML, like Gecko) Chrome/49.0.2623.75 Safari/537.36','/jeesite/a/sys/role/form','GET','id=4',''),('17365256adec46a98cf9e5a38e5f7f08','1','我的面板-个人信息-个人信息','1','2016-06-22 15:13:42','0:0:0:0:0:0:0:1','Mozilla/5.0 (Windows NT 10.0; WOW64) AppleWebKit/537.36 (KHTML, like Gecko) Chrome/49.0.2623.75 Safari/537.36','/jeesite/a/sys/user/info','GET','tabPageId=jerichotabiframe_0',''),('187a369eb84a43d7b204169fe73e5832','1','系统设置-机构用户-用户管理','1','2016-06-22 16:11:31','0:0:0:0:0:0:0:1','Mozilla/5.0 (Windows NT 10.0; WOW64) AppleWebKit/537.36 (KHTML, like Gecko) Chrome/49.0.2623.75 Safari/537.36','/jeesite/a/sys/user/index','GET','tabPageId=jerichotabiframe_1',''),('1a14ad6756e445ca83e6c5af82655bc0','1','系统设置-系统设置-菜单管理','1','2016-06-22 16:15:36','0:0:0:0:0:0:0:1','Mozilla/5.0 (Windows NT 10.0; WOW64) AppleWebKit/537.36 (KHTML, like Gecko) Chrome/49.0.2623.75 Safari/537.36','/jeesite/a/sys/menu/','GET','tabPageId=jerichotabiframe_19',''),('1a6b909789d543c5865a5b721faf171b','1','我的面板-个人信息-个人信息','1','2016-06-21 10:17:44','0:0:0:0:0:0:0:1','Mozilla/5.0 (Windows NT 10.0; WOW64) AppleWebKit/537.36 (KHTML, like Gecko) Chrome/49.0.2623.75 Safari/537.36','/jeesite/a/sys/user/info','GET','tabPageId=jerichotabiframe_0',''),('1d043bc0a72e40dea08fc2c650e3b71a','1','内容管理-内容管理','1','2016-06-22 16:15:27','0:0:0:0:0:0:0:1','Mozilla/5.0 (Windows NT 10.0; WOW64) AppleWebKit/537.36 (KHTML, like Gecko) Chrome/49.0.2623.75 Safari/537.36','/jeesite/a/cms/none','GET','',''),('1d423cec83324adc9f740062ac73834f','1','在线办公-业务订单-业务订单详情','1','2016-06-22 16:25:11','0:0:0:0:0:0:0:1','Mozilla/5.0 (Windows NT 10.0; WOW64) AppleWebKit/537.36 (KHTML, like Gecko) Chrome/49.0.2623.75 Safari/537.36','/jeesite/a/order/businessinfo/form','GET','tabPageId=jerichotabiframe_4',''),('1f9f0d4eff3f4246b20162cc6f41e37b','1','在线办公-通知通告-我的通告','1','2016-06-22 16:38:45','0:0:0:0:0:0:0:1','Mozilla/5.0 (Windows NT 10.0; WOW64) AppleWebKit/537.36 (KHTML, like Gecko) Chrome/49.0.2623.75 Safari/537.36','/jeesite/a/oa/oaNotify/self','GET','tabPageId=jerichotabiframe_1',''),('1fc4b1e999f745618ba531904c5e6490','1','系统设置-机构用户-区域管理','1','2016-06-22 16:15:33','0:0:0:0:0:0:0:1','Mozilla/5.0 (Windows NT 10.0; WOW64) AppleWebKit/537.36 (KHTML, like Gecko) Chrome/49.0.2623.75 Safari/537.36','/jeesite/a/sys/area/','GET','tabPageId=jerichotabiframe_18',''),('238ea78134a94aec890e00ee7245d8d9','1','系统设置-系统设置-菜单管理-查看','1','2016-06-22 15:37:43','192.168.8.165','Mozilla/5.0 (Windows NT 10.0; Win64; x64) AppleWebKit/537.36 (KHTML, like Gecko) Chrome/46.0.2486.0 Safari/537.36 Edge/13.10586','/jeesite/a/sys/menu/form','GET','id=c0d3d60f17be4391a52af098a6279ba3',''),('23cd833913e54b238a1fd06200b7942d','1','系统设置-系统设置-菜单管理','1','2016-06-22 15:36:13','0:0:0:0:0:0:0:1','Mozilla/5.0 (Windows NT 10.0; WOW64) AppleWebKit/537.36 (KHTML, like Gecko) Chrome/49.0.2623.75 Safari/537.36','/jeesite/a/sys/menu/','GET','',''),('244c16ccc4c243cd9cfc0bfd95f20aa5','1','系统设置-机构用户-业务信息展示测试','1','2016-06-22 15:11:04','0:0:0:0:0:0:0:1','Mozilla/5.0 (Windows NT 10.0; WOW64) AppleWebKit/537.36 (KHTML, like Gecko) Chrome/49.0.2623.75 Safari/537.36','/jeesite/a/sys/demo/businessinfo/list','GET','tabPageId=jerichotabiframe_2',''),('25b39b5f8841433699a2e29cd219f742','1','系统登录','1','2016-06-22 15:13:23','192.168.8.165','Mozilla/5.0 (Windows NT 10.0; Win64; x64) AppleWebKit/537.36 (KHTML, like Gecko) Chrome/46.0.2486.0 Safari/537.36 Edge/13.10586','/jeesite/a','GET','login=',''),('25f7de9102104134876ffe21971ffa03','1','系统设置-系统设置-菜单管理','1','2016-06-22 16:17:04','0:0:0:0:0:0:0:1','Mozilla/5.0 (Windows NT 10.0; WOW64) AppleWebKit/537.36 (KHTML, like Gecko) Chrome/49.0.2623.75 Safari/537.36','/jeesite/a/sys/menu/','GET','',''),('276ac3f565114d3b85b0afcc76b30c79','1','代码生成-生成示例-主子表-查看','1','2016-06-22 14:45:26','0:0:0:0:0:0:0:1','Mozilla/5.0 (Windows NT 10.0; WOW64) AppleWebKit/537.36 (KHTML, like Gecko) Chrome/49.0.2623.75 Safari/537.36','/jeesite/a/test/testDataMain/form','GET','',''),('282e5cc628cc43ea8b35cf558d1a469d','1','系统设置-系统设置-菜单管理','1','2016-06-22 15:10:21','0:0:0:0:0:0:0:1','Mozilla/5.0 (Windows NT 10.0; WOW64) AppleWebKit/537.36 (KHTML, like Gecko) Chrome/49.0.2623.75 Safari/537.36','/jeesite/a/sys/menu/','GET','tabPageId=jerichotabiframe_13',''),('28db5a36e79d4f1da81ade1ea5b91d15','1','系统登录','1','2016-06-22 14:26:46','0:0:0:0:0:0:0:1','Mozilla/5.0 (Windows NT 10.0; WOW64) AppleWebKit/537.36 (KHTML, like Gecko) Chrome/49.0.2623.75 Safari/537.36','/jeesite/a','GET','login=',''),('2903dbd3ddb745caa96f36f4c4aeecd6','1','系统设置-系统设置-菜单管理','1','2016-06-22 15:10:37','0:0:0:0:0:0:0:1','Mozilla/5.0 (Windows NT 10.0; WOW64) AppleWebKit/537.36 (KHTML, like Gecko) Chrome/49.0.2623.75 Safari/537.36','/jeesite/a/sys/menu/','GET','',''),('299557b158ce4659899a4f6a9bdab115','1','系统设置-机构用户-用户管理-查看','1','2016-06-22 15:13:31','0:0:0:0:0:0:0:1','Mozilla/5.0 (Windows NT 10.0; WOW64) AppleWebKit/537.36 (KHTML, like Gecko) Chrome/49.0.2623.75 Safari/537.36','/jeesite/a/sys/user/list','GET','',''),('2a08996b7be24e10a94d01e58bc3ed44','1','系统登录','1','2016-06-22 15:38:47','192.168.8.165','Mozilla/5.0 (Windows NT 10.0; Win64; x64) AppleWebKit/537.36 (KHTML, like Gecko) Chrome/46.0.2486.0 Safari/537.36 Edge/13.10586','/jeesite/a','GET','login=',''),('2a12357bb5b741769a736e82e8cb5f23','1','我的面板-个人信息-个人信息','1','2016-06-22 14:26:47','0:0:0:0:0:0:0:1','Mozilla/5.0 (Windows NT 10.0; WOW64) AppleWebKit/537.36 (KHTML, like Gecko) Chrome/49.0.2623.75 Safari/537.36','/jeesite/a/sys/user/info','GET','tabPageId=jerichotabiframe_0',''),('2d54cc016fe046db898fb2e66a119fd1','1','系统设置-机构用户-机构管理-查看','1','2016-06-22 15:10:14','0:0:0:0:0:0:0:1','Mozilla/5.0 (Windows NT 10.0; WOW64) AppleWebKit/537.36 (KHTML, like Gecko) Chrome/49.0.2623.75 Safari/537.36','/jeesite/a/sys/office/list','GET','id=&parentIds=',''),('3032fc6433b44e7494e07311eb7cf6c2','1','系统设置-机构用户-区域管理','1','2016-06-22 15:12:26','0:0:0:0:0:0:0:1','Mozilla/5.0 (Windows NT 10.0; WOW64) AppleWebKit/537.36 (KHTML, like Gecko) Chrome/49.0.2623.75 Safari/537.36','/jeesite/a/sys/area/','GET','tabPageId=jerichotabiframe_4',''),('30bd4a772d7042f8911c9e853a201141','1','系统设置-系统设置-菜单管理-查看','1','2016-06-22 15:10:29','0:0:0:0:0:0:0:1','Mozilla/5.0 (Windows NT 10.0; WOW64) AppleWebKit/537.36 (KHTML, like Gecko) Chrome/49.0.2623.75 Safari/537.36','/jeesite/a/sys/menu/form','GET','id=c0d3d60f17be4391a52af098a6279ba3',''),('3219063bbd6e4e6b9902b6b1d2910030','1','系统设置-系统设置-角色管理','1','2016-06-22 15:00:19','0:0:0:0:0:0:0:1','Mozilla/5.0 (Windows NT 10.0; WOW64) AppleWebKit/537.36 (KHTML, like Gecko) Chrome/49.0.2623.75 Safari/537.36','/jeesite/a/sys/role/','GET','repage=',''),('3250032632914877bb0d0b561bce78f2','1','系统登录','1','2016-06-21 10:17:59','0:0:0:0:0:0:0:1','Mozilla/5.0 (Windows NT 10.0; WOW64) AppleWebKit/537.36 (KHTML, like Gecko) Chrome/49.0.2623.75 Safari/537.36','/jeesite/a','GET','login=',''),('32a4f3664e5c4d579b4cd41a02a015ad','1','系统登录','1','2016-06-21 11:47:37','0:0:0:0:0:0:0:1','Mozilla/5.0 (Windows NT 10.0; WOW64) AppleWebKit/537.36 (KHTML, like Gecko) Chrome/49.0.2623.75 Safari/537.36','/jeesite/a/sys/menu/tree','GET','parentId=2',''),('32f3caacd75b49a7947bf72a32e96151','1','我的面板-个人信息-个人信息','1','2016-06-22 15:13:40','0:0:0:0:0:0:0:1','Mozilla/5.0 (Windows NT 10.0; WOW64) AppleWebKit/537.36 (KHTML, like Gecko) Chrome/49.0.2623.75 Safari/537.36','/jeesite/a/sys/user/info','GET','tabPageId=jerichotabiframe_0',''),('342620842eca468191cc7edfbf1c2eb8','1','系统设置-机构用户-用户管理-查看','1','2016-06-22 14:29:30','0:0:0:0:0:0:0:1','Mozilla/5.0 (Windows NT 10.0; WOW64) AppleWebKit/537.36 (KHTML, like Gecko) Chrome/49.0.2623.75 Safari/537.36','/jeesite/a/sys/user/list','GET','',''),('350d6ef6a277400d990922648f6f681d','1','系统设置-系统设置-菜单管理','1','2016-06-22 15:31:45','192.168.8.165','Mozilla/5.0 (Windows NT 10.0; Win64; x64) AppleWebKit/537.36 (KHTML, like Gecko) Chrome/46.0.2486.0 Safari/537.36 Edge/13.10586','/jeesite/a/sys/menu/','GET','tabPageId=jerichotabiframe_12',''),('363cc4547c7f47809d5f60a0564a9bbf','1','我的面板-个人信息-个人信息','1','2016-06-22 14:58:41','0:0:0:0:0:0:0:1','Mozilla/5.0 (Windows NT 10.0; WOW64) AppleWebKit/537.36 (KHTML, like Gecko) Chrome/49.0.2623.75 Safari/537.36','/jeesite/a/sys/user/info','GET','tabPageId=jerichotabiframe_27',''),('36dbbf0d8bb14a5696b9e7fd1fcd1907','1','系统设置-机构用户-机构管理-查看','1','2016-06-22 16:10:48','0:0:0:0:0:0:0:1','Mozilla/5.0 (Windows NT 10.0; WOW64) AppleWebKit/537.36 (KHTML, like Gecko) Chrome/49.0.2623.75 Safari/537.36','/jeesite/a/sys/office/list','GET','id=&parentIds=',''),('38f2b6e9aa8246a394ee6154a723e992','1','在线办公-业务订单-业务订单详情','1','2016-06-22 16:38:48','0:0:0:0:0:0:0:1','Mozilla/5.0 (Windows NT 10.0; WOW64) AppleWebKit/537.36 (KHTML, like Gecko) Chrome/49.0.2623.75 Safari/537.36','/jeesite/a/order/businessinfo/form','GET','tabPageId=jerichotabiframe_2',''),('39bafa118d224c5d8096078ceec564e8','1','系统登录','1','2016-06-22 14:53:15','0:0:0:0:0:0:0:1','Mozilla/5.0 (Windows NT 10.0; WOW64) AppleWebKit/537.36 (KHTML, like Gecko) Chrome/49.0.2623.75 Safari/537.36','/jeesite/a','GET','login=',''),('3c95c4b1f98e45b58b7dba88b41c5d55','1','内容管理-内容管理-内容发布','1','2016-06-22 14:58:40','0:0:0:0:0:0:0:1','Mozilla/5.0 (Windows NT 10.0; WOW64) AppleWebKit/537.36 (KHTML, like Gecko) Chrome/49.0.2623.75 Safari/537.36','/jeesite/a/cms/','GET','tabPageId=jerichotabiframe_25',''),('3d27f3891ff343148b2c6b71b368aba3','1','系统设置-机构用户-业务信息展示测试','1','2016-06-22 15:24:50','192.168.8.165','Mozilla/5.0 (Windows NT 10.0; Win64; x64) AppleWebKit/537.36 (KHTML, like Gecko) Chrome/46.0.2486.0 Safari/537.36 Edge/13.10586','/jeesite/a/sys/demo/businessinfo/form','GET','tabPageId=jerichotabiframe_2',''),('3fc62c6a4043407b91e9089b9583b494','1','我的面板-个人信息-个人信息','1','2016-06-22 15:11:01','0:0:0:0:0:0:0:1','Mozilla/5.0 (Windows NT 10.0; WOW64) AppleWebKit/537.36 (KHTML, like Gecko) Chrome/49.0.2623.75 Safari/537.36','/jeesite/a/sys/user/info','GET','tabPageId=jerichotabiframe_0',''),('40652b1ab1094bd79a3bd0328663b783','1','系统设置-机构用户-业务信息展示测试','1','2016-06-22 15:24:55','192.168.8.165','Mozilla/5.0 (Windows NT 10.0; Win64; x64) AppleWebKit/537.36 (KHTML, like Gecko) Chrome/46.0.2486.0 Safari/537.36 Edge/13.10586','/jeesite/a/sys/demo/businessinfo/form','GET','',''),('41c481ad46064b88b31910906fbc2383','1','系统登录','1','2016-06-22 14:44:50','0:0:0:0:0:0:0:1','Mozilla/5.0 (Windows NT 10.0; WOW64) AppleWebKit/537.36 (KHTML, like Gecko) Chrome/49.0.2623.75 Safari/537.36','/jeesite/a/gen/genScheme','GET','tabPageId=jerichotabiframe_2',''),('41e30de1bd1b4d04a82f7fc98c478695','1','系统设置-机构用户-用户管理-查看','1','2016-06-22 14:58:35','0:0:0:0:0:0:0:1','Mozilla/5.0 (Windows NT 10.0; WOW64) AppleWebKit/537.36 (KHTML, like Gecko) Chrome/49.0.2623.75 Safari/537.36','/jeesite/a/sys/user/list','GET','',''),('42658e8394164d4396d7d07d9b246352','1','系统设置-系统设置-菜单管理-修改','1','2016-06-22 16:11:15','0:0:0:0:0:0:0:1','Mozilla/5.0 (Windows NT 10.0; WOW64) AppleWebKit/537.36 (KHTML, like Gecko) Chrome/49.0.2623.75 Safari/537.36','/jeesite/a/sys/menu/delete','GET','id=fe541070549c45a2b8a57027a563cb83',''),('42d96802943d433ea6da62e1c699df14','1','系统登录','1','2016-06-22 15:36:24','0:0:0:0:0:0:0:1','Mozilla/5.0 (Windows NT 10.0; WOW64) AppleWebKit/537.36 (KHTML, like Gecko) Chrome/49.0.2623.75 Safari/537.36','/jeesite/a','GET','login=',''),('4660d51d820b4b409873c184d27ed3d4','1','系统设置-机构用户-用户管理','1','2016-06-22 15:13:31','0:0:0:0:0:0:0:1','Mozilla/5.0 (Windows NT 10.0; WOW64) AppleWebKit/537.36 (KHTML, like Gecko) Chrome/49.0.2623.75 Safari/537.36','/jeesite/a/sys/user/index','GET','tabPageId=jerichotabiframe_1',''),('47242413d60f43e2a2e5f1042e777903','1','代码生成-生成示例-树结构','1','2016-06-22 15:16:42','0:0:0:0:0:0:0:1','Mozilla/5.0 (Windows NT 10.0; WOW64) AppleWebKit/537.36 (KHTML, like Gecko) Chrome/49.0.2623.75 Safari/537.36','/jeesite/a/test/testTree','GET','tabPageId=jerichotabiframe_5',''),('476b4609378b402eaebedac51c41dff6','1','系统设置-系统设置-菜单管理-查看','1','2016-06-22 15:35:23','0:0:0:0:0:0:0:1','Mozilla/5.0 (Windows NT 10.0; WOW64) AppleWebKit/537.36 (KHTML, like Gecko) Chrome/49.0.2623.75 Safari/537.36','/jeesite/a/sys/menu/form','GET','parent.id=2',''),('4914233dcb5d4f8b84df7fd3bf68b8b9','1','系统设置-系统设置-菜单管理-查看','1','2016-06-22 15:41:04','192.168.8.165','Mozilla/5.0 (Windows NT 10.0; Win64; x64) AppleWebKit/537.36 (KHTML, like Gecko) Chrome/46.0.2486.0 Safari/537.36 Edge/13.10586','/jeesite/a/sys/menu/form','GET','id=c0d3d60f17be4391a52af098a6279ba3',''),('496f60fb60f249f68416357b5f4d7873','1','代码生成-代码生成-业务表配置','1','2016-06-22 14:31:00','0:0:0:0:0:0:0:1','Mozilla/5.0 (Windows NT 10.0; WOW64) AppleWebKit/537.36 (KHTML, like Gecko) Chrome/49.0.2623.75 Safari/537.36','/jeesite/a/gen/genTable','GET','tabPageId=jerichotabiframe_1',''),('49f928c96a3843f28a4b61b0e0e2110d','1','系统设置-机构用户-用户管理-查看','1','2016-06-21 11:47:37','0:0:0:0:0:0:0:1','Mozilla/5.0 (Windows NT 10.0; WOW64) AppleWebKit/537.36 (KHTML, like Gecko) Chrome/49.0.2623.75 Safari/537.36','/jeesite/a/sys/user/list','GET','',''),('4b1405bcf2ef4e518025fb312cc1ac3e','1','我的面板-个人信息-个人信息','1','2016-06-22 15:39:31','0:0:0:0:0:0:0:1','Mozilla/5.0 (Windows NT 10.0; WOW64) AppleWebKit/537.36 (KHTML, like Gecko) Chrome/49.0.2623.75 Safari/537.36','/jeesite/a/sys/user/info','GET','tabPageId=jerichotabiframe_0',''),('4cfe95f20ca9424585f0e025e3610dd3','1','系统设置-机构用户-机构管理-查看','1','2016-06-22 15:12:32','0:0:0:0:0:0:0:1','Mozilla/5.0 (Windows NT 10.0; WOW64) AppleWebKit/537.36 (KHTML, like Gecko) Chrome/49.0.2623.75 Safari/537.36','/jeesite/a/sys/office/list','GET','id=&parentIds=',''),('4d0f338729f24412bc3d0dd5b563b864','1','在线办公-通知通告-我的通告','1','2016-06-22 14:29:32','0:0:0:0:0:0:0:1','Mozilla/5.0 (Windows NT 10.0; WOW64) AppleWebKit/537.36 (KHTML, like Gecko) Chrome/49.0.2623.75 Safari/537.36','/jeesite/a/oa/oaNotify/self','GET','tabPageId=jerichotabiframe_4',''),('4de0577a4c2a47148d3996b3efb59a4a','1','系统登录','1','2016-06-22 16:38:41','0:0:0:0:0:0:0:1','Mozilla/5.0 (Windows NT 10.0; WOW64) AppleWebKit/537.36 (KHTML, like Gecko) Chrome/49.0.2623.75 Safari/537.36','/jeesite/a','GET','login=',''),('4edf0d04a422435b8ead98fdafb53bb7','1','系统设置-机构用户-业务信息展示测试','1','2016-06-22 15:18:20','0:0:0:0:0:0:0:1','Mozilla/5.0 (Windows NT 10.0; WOW64) AppleWebKit/537.36 (KHTML, like Gecko) Chrome/49.0.2623.75 Safari/537.36','/jeesite/a/sys/demo/businessinfo/form','GET','id=2acd13ddf3254e599d1b74181ac7e075',''),('4ff59f9f7bdf412fadd4618dc3b3cd54','1','系统设置-机构用户-业务信息展示测试','1','2016-06-22 15:08:53','0:0:0:0:0:0:0:1','Mozilla/5.0 (Windows NT 10.0; WOW64) AppleWebKit/537.36 (KHTML, like Gecko) Chrome/49.0.2623.75 Safari/537.36','/jeesite/a/sys/demo/businessinfo/list','GET','tabPageId=jerichotabiframe_8',''),('504eef2d11eb4196bcb973eaf094a8aa','1','代码生成-代码生成-业务表配置','1','2016-06-22 14:53:19','0:0:0:0:0:0:0:1','Mozilla/5.0 (Windows NT 10.0; WOW64) AppleWebKit/537.36 (KHTML, like Gecko) Chrome/49.0.2623.75 Safari/537.36','/jeesite/a/gen/genTable','GET','tabPageId=jerichotabiframe_1',''),('51105ca1f8bc4a5e8dcd11656484e38b','1','内容管理-内容管理-内容发布','1','2016-06-22 14:53:21','0:0:0:0:0:0:0:1','Mozilla/5.0 (Windows NT 10.0; WOW64) AppleWebKit/537.36 (KHTML, like Gecko) Chrome/49.0.2623.75 Safari/537.36','/jeesite/a/cms/','GET','tabPageId=jerichotabiframe_3',''),('53670dbbe97546c0ad5428fa49ffe06a','1','系统设置-机构用户-用户管理-查看','1','2016-06-22 15:40:55','192.168.8.165','Mozilla/5.0 (Windows NT 10.0; Win64; x64) AppleWebKit/537.36 (KHTML, like Gecko) Chrome/46.0.2486.0 Safari/537.36 Edge/13.10586','/jeesite/a/sys/user/list','GET','',''),('539e7cf2478e4e779433f328f500d960','1','系统设置-系统设置-角色管理','1','2016-06-22 15:37:34','192.168.8.165','Mozilla/5.0 (Windows NT 10.0; Win64; x64) AppleWebKit/537.36 (KHTML, like Gecko) Chrome/46.0.2486.0 Safari/537.36 Edge/13.10586','/jeesite/a/sys/role/','GET','tabPageId=jerichotabiframe_15',''),('54f1d621242c43d4b25f7fdc6d34ed54','1','系统设置-机构用户-用户管理-查看','1','2016-06-22 15:11:03','0:0:0:0:0:0:0:1','Mozilla/5.0 (Windows NT 10.0; WOW64) AppleWebKit/537.36 (KHTML, like Gecko) Chrome/49.0.2623.75 Safari/537.36','/jeesite/a/sys/user/list','GET','',''),('5525e6b888824a389f4af497552dbc69','1','系统设置-机构用户-机构管理','1','2016-06-22 15:12:32','0:0:0:0:0:0:0:1','Mozilla/5.0 (Windows NT 10.0; WOW64) AppleWebKit/537.36 (KHTML, like Gecko) Chrome/49.0.2623.75 Safari/537.36','/jeesite/a/sys/office/','GET','tabPageId=jerichotabiframe_6',''),('5583121b740e494e84af7408a716b4e1','1','系统设置-机构用户-用户管理','1','2016-06-22 15:08:34','0:0:0:0:0:0:0:1','Mozilla/5.0 (Windows NT 10.0; WOW64) AppleWebKit/537.36 (KHTML, like Gecko) Chrome/49.0.2623.75 Safari/537.36','/jeesite/a/sys/user/index','GET','tabPageId=jerichotabiframe_1',''),('57931e64c623486e95f5d80cfc3ead95','1','我的面板-个人信息-个人信息','1','2016-06-22 15:24:44','192.168.8.165','Mozilla/5.0 (Windows NT 10.0; Win64; x64) AppleWebKit/537.36 (KHTML, like Gecko) Chrome/46.0.2486.0 Safari/537.36 Edge/13.10586','/jeesite/a/sys/user/info','GET','tabPageId=jerichotabiframe_0',''),('579fe1ee22c24e488d6eaf07530e9a52','1','系统登录','1','2016-06-22 15:40:00','192.168.8.165','Mozilla/5.0 (Windows NT 10.0; Win64; x64) AppleWebKit/537.36 (KHTML, like Gecko) Chrome/46.0.2486.0 Safari/537.36 Edge/13.10586','/jeesite/a','GET','login=',''),('57f38f49d32c4350abab16af70043fc2','1','系统登录','1','2016-06-22 15:24:43','192.168.8.165','Mozilla/5.0 (Windows NT 10.0; Win64; x64) AppleWebKit/537.36 (KHTML, like Gecko) Chrome/46.0.2486.0 Safari/537.36 Edge/13.10586','/jeesite/a','GET','login=',''),('58079909feaa4b49a6431fd4f5b8688d','1','系统设置-机构用户-用户管理-查看','1','2016-06-22 15:38:04','192.168.8.165','Mozilla/5.0 (Windows NT 10.0; Win64; x64) AppleWebKit/537.36 (KHTML, like Gecko) Chrome/46.0.2486.0 Safari/537.36 Edge/13.10586','/jeesite/a/sys/user/list','GET','',''),('59e623cd46604b39821b246a5964e640','1','代码生成-代码生成-业务表配置','1','2016-06-22 14:58:38','0:0:0:0:0:0:0:1','Mozilla/5.0 (Windows NT 10.0; WOW64) AppleWebKit/537.36 (KHTML, like Gecko) Chrome/49.0.2623.75 Safari/537.36','/jeesite/a/gen/genTable','GET','tabPageId=jerichotabiframe_23',''),('59e843453d664065bcf50e4dc052fda8','1','在线办公-通知通告-我的通告','1','2016-06-22 16:24:53','0:0:0:0:0:0:0:1','Mozilla/5.0 (Windows NT 10.0; WOW64) AppleWebKit/537.36 (KHTML, like Gecko) Chrome/49.0.2623.75 Safari/537.36','/jeesite/a/oa/oaNotify/self','GET','tabPageId=jerichotabiframe_1',''),('5a1f90ee7e7948f7a980a7b360ff5788','1','我的面板-个人信息-个人信息','1','2016-06-22 15:36:24','0:0:0:0:0:0:0:1','Mozilla/5.0 (Windows NT 10.0; WOW64) AppleWebKit/537.36 (KHTML, like Gecko) Chrome/49.0.2623.75 Safari/537.36','/jeesite/a/sys/user/info','GET','tabPageId=jerichotabiframe_0',''),('5a6f3bfa1ccf4f30a0bf1c9af2d83231','1','系统设置-机构用户-用户管理-查看','1','2016-06-22 15:08:34','0:0:0:0:0:0:0:1','Mozilla/5.0 (Windows NT 10.0; WOW64) AppleWebKit/537.36 (KHTML, like Gecko) Chrome/49.0.2623.75 Safari/537.36','/jeesite/a/sys/user/list','GET','',''),('5a84cfd1ca6e43d8ab26ca837250ff95','1','系统设置-系统设置-菜单管理','1','2016-06-22 15:40:58','192.168.8.165','Mozilla/5.0 (Windows NT 10.0; Win64; x64) AppleWebKit/537.36 (KHTML, like Gecko) Chrome/46.0.2486.0 Safari/537.36 Edge/13.10586','/jeesite/a/sys/menu/','GET','tabPageId=jerichotabiframe_4',''),('5a937b871ef9430a9348b7c4594db8cb','1','代码生成-生成示例-单表','1','2016-06-22 14:27:51','0:0:0:0:0:0:0:1','Mozilla/5.0 (Windows NT 10.0; WOW64) AppleWebKit/537.36 (KHTML, like Gecko) Chrome/49.0.2623.75 Safari/537.36','/jeesite/a/test/testData','GET','tabPageId=jerichotabiframe_4',''),('5b19420975c74a49807125d17f91d2d4','1','系统设置-机构用户-机构管理','1','2016-06-22 16:10:48','0:0:0:0:0:0:0:1','Mozilla/5.0 (Windows NT 10.0; WOW64) AppleWebKit/537.36 (KHTML, like Gecko) Chrome/49.0.2623.75 Safari/537.36','/jeesite/a/sys/office/','GET','tabPageId=jerichotabiframe_4',''),('5bddbde728234c4082526bb070777b7a','1','系统设置-机构用户-业务信息展示测试','1','2016-06-22 15:17:08','0:0:0:0:0:0:0:1','Mozilla/5.0 (Windows NT 10.0; WOW64) AppleWebKit/537.36 (KHTML, like Gecko) Chrome/49.0.2623.75 Safari/537.36','/jeesite/a/sys/demo/businessinfo/form','GET','tabPageId=jerichotabiframe_2',''),('5d19a293ae8f429ab41bfedf73cd0a47','1','我的面板-个人信息-个人信息','1','2016-06-22 15:39:17','0:0:0:0:0:0:0:1','Mozilla/5.0 (Windows NT 10.0; WOW64) AppleWebKit/537.36 (KHTML, like Gecko) Chrome/49.0.2623.75 Safari/537.36','/jeesite/a/sys/user/info','GET','tabPageId=jerichotabiframe_0',''),('5da25fb87ab34afb8844d863d1d5bd61','1','我的面板-个人信息-修改密码','1','2016-06-22 14:58:55','0:0:0:0:0:0:0:1','Mozilla/5.0 (Windows NT 10.0; WOW64) AppleWebKit/537.36 (KHTML, like Gecko) Chrome/49.0.2623.75 Safari/537.36','/jeesite/a/sys/user/modifyPwd','GET','tabPageId=jerichotabiframe_1',''),('5e31b04388a9490092c4381e20464645','1','代码生成-代码生成-业务表配置','1','2016-06-22 14:46:56','0:0:0:0:0:0:0:1','Mozilla/5.0 (Windows NT 10.0; WOW64) AppleWebKit/537.36 (KHTML, like Gecko) Chrome/49.0.2623.75 Safari/537.36','/jeesite/a/gen/genTable','GET','tabPageId=jerichotabiframe_1',''),('5e706557e7be4c8089d663c2612f800e','1','代码生成-生成示例-单表-查看','1','2016-06-22 15:16:38','0:0:0:0:0:0:0:1','Mozilla/5.0 (Windows NT 10.0; WOW64) AppleWebKit/537.36 (KHTML, like Gecko) Chrome/49.0.2623.75 Safari/537.36','/jeesite/a/test/testData/','POST','pageNo=1&pageSize=30&user.id=&user.name=&office.id=&office.name=&area.id=&area.name=&name=&beginInDate=&endInDate=',''),('5ed7d9fd530340d6aa8031b98d6cc735','1','代码生成-生成示例-树结构-查看','1','2016-06-22 15:16:44','0:0:0:0:0:0:0:1','Mozilla/5.0 (Windows NT 10.0; WOW64) AppleWebKit/537.36 (KHTML, like Gecko) Chrome/49.0.2623.75 Safari/537.36','/jeesite/a/test/testTree/form','GET','',''),('60f574773cb149ba85694140a8b34279','1','系统登录','1','2016-06-22 15:08:52','0:0:0:0:0:0:0:1','Mozilla/5.0 (Windows NT 10.0; WOW64) AppleWebKit/537.36 (KHTML, like Gecko) Chrome/49.0.2623.75 Safari/537.36','/jeesite/a/sys/area/','GET','tabPageId=jerichotabiframe_7',''),('61101136857f4edab44f9fcb29d6034f','1','代码生成-代码生成-业务表配置','1','2016-06-22 14:26:49','0:0:0:0:0:0:0:1','Mozilla/5.0 (Windows NT 10.0; WOW64) AppleWebKit/537.36 (KHTML, like Gecko) Chrome/49.0.2623.75 Safari/537.36','/jeesite/a/gen/genTable','GET','tabPageId=jerichotabiframe_1',''),('620eb38f561442c3a451e3bf7c9388b1','1','系统设置-系统设置-字典管理','1','2016-06-22 16:17:46','0:0:0:0:0:0:0:1','Mozilla/5.0 (Windows NT 10.0; WOW64) AppleWebKit/537.36 (KHTML, like Gecko) Chrome/49.0.2623.75 Safari/537.36','/jeesite/a/sys/dict/','GET','tabPageId=jerichotabiframe_21',''),('628208f1917c49fbad73fb4ff00fb5ba','1','系统登录','1','2016-06-22 17:01:33','0:0:0:0:0:0:0:1','Mozilla/5.0 (Windows NT 10.0; WOW64) AppleWebKit/537.36 (KHTML, like Gecko) Chrome/49.0.2623.75 Safari/537.36','/jeesite/a','GET','login=',''),('641b8756c5784a229605bf6ec354be65','1','系统设置-系统设置-角色管理-修改','1','2016-06-22 15:00:19','0:0:0:0:0:0:0:1','Mozilla/5.0 (Windows NT 10.0; WOW64) AppleWebKit/537.36 (KHTML, like Gecko) Chrome/49.0.2623.75 Safari/537.36','/jeesite/a/sys/role/save','POST','id=1&office.id=2&office.name=公司领导&oldName=系统管理员&name=系统管理员&oldEnname=dept&enname=dept&roleType=assignment&sysData=1&useable=1&dataScope=1&menuIds=1,27,28,29,30,71,56,57,58,59,62,88,89,90,63,73,74,64,65,66,69,70,72,31,40,41,42,43,44,45,46,47,48...&officeIds=&remarks=',''),('661fd1a0580143b19eeada55710c1012','1','系统设置-机构用户-用户管理-查看','1','2016-06-22 16:22:18','0:0:0:0:0:0:0:1','Mozilla/5.0 (Windows NT 10.0; WOW64) AppleWebKit/537.36 (KHTML, like Gecko) Chrome/49.0.2623.75 Safari/537.36','/jeesite/a/sys/user/list','GET','',''),('67c56b2f21cc42ae8ec2b06ad2668247','1','系统登录','1','2016-06-22 16:22:09','0:0:0:0:0:0:0:1','Mozilla/5.0 (Windows NT 10.0; WOW64) AppleWebKit/537.36 (KHTML, like Gecko) Chrome/49.0.2623.75 Safari/537.36','/jeesite/a','GET','login=',''),('682df36a82894bc1ae7ddd83cc6566ff','1','系统设置-机构用户-用户管理','1','2016-06-22 15:38:54','192.168.8.165','Mozilla/5.0 (Windows NT 10.0; Win64; x64) AppleWebKit/537.36 (KHTML, like Gecko) Chrome/46.0.2486.0 Safari/537.36 Edge/13.10586','/jeesite/a/sys/user/index','GET','tabPageId=jerichotabiframe_1',''),('6baefd680d9e4ee6b94af4cb5034f167','1','系统设置-系统设置-菜单管理','1','2016-06-22 16:22:22','0:0:0:0:0:0:0:1','Mozilla/5.0 (Windows NT 10.0; WOW64) AppleWebKit/537.36 (KHTML, like Gecko) Chrome/49.0.2623.75 Safari/537.36','/jeesite/a/sys/menu/','GET','tabPageId=jerichotabiframe_5',''),('6be407cb1b0446b38809a2440462a140','1','系统设置-机构用户-业务信息展示测试','1','2016-06-22 15:13:36','0:0:0:0:0:0:0:1','Mozilla/5.0 (Windows NT 10.0; WOW64) AppleWebKit/537.36 (KHTML, like Gecko) Chrome/49.0.2623.75 Safari/537.36','/jeesite/a/sys/demo/businessinfo/form','GET','',''),('6bedcc84283142178b13f96511071528','1','代码生成-代码生成-业务表配置','1','2016-06-22 16:11:34','0:0:0:0:0:0:0:1','Mozilla/5.0 (Windows NT 10.0; WOW64) AppleWebKit/537.36 (KHTML, like Gecko) Chrome/49.0.2623.75 Safari/537.36','/jeesite/a/gen/genTable','GET','tabPageId=jerichotabiframe_2',''),('6c1f588d9133459c84689bec6c2c29f0','1','内容管理-内容管理','1','2016-06-22 14:53:21','0:0:0:0:0:0:0:1','Mozilla/5.0 (Windows NT 10.0; WOW64) AppleWebKit/537.36 (KHTML, like Gecko) Chrome/49.0.2623.75 Safari/537.36','/jeesite/a/cms/none','GET','',''),('6ce3ad682f8d4421a68227342feb747c','1','系统设置-机构用户-用户管理','1','2016-06-22 16:22:17','0:0:0:0:0:0:0:1','Mozilla/5.0 (Windows NT 10.0; WOW64) AppleWebKit/537.36 (KHTML, like Gecko) Chrome/49.0.2623.75 Safari/537.36','/jeesite/a/sys/user/index','GET','tabPageId=jerichotabiframe_3',''),('6d06f74b7b28497d82605ea023843708','1','系统设置-系统设置-角色管理-查看','1','2016-06-22 14:59:59','0:0:0:0:0:0:0:1','Mozilla/5.0 (Windows NT 10.0; WOW64) AppleWebKit/537.36 (KHTML, like Gecko) Chrome/49.0.2623.75 Safari/537.36','/jeesite/a/sys/role/form','GET','id=1',''),('6e02f38f7bcf4eb9bc7ef9abbca4a5c7','1','系统设置-机构用户-业务信息展示测试','1','2016-06-22 15:13:35','0:0:0:0:0:0:0:1','Mozilla/5.0 (Windows NT 10.0; WOW64) AppleWebKit/537.36 (KHTML, like Gecko) Chrome/49.0.2623.75 Safari/537.36','/jeesite/a/sys/demo/businessinfo/form','GET','',''),('6f15bb857af74d9c9aac440b72e7d963','1','我的面板-个人信息-个人信息','1','2016-06-22 14:58:51','0:0:0:0:0:0:0:1','Mozilla/5.0 (Windows NT 10.0; WOW64) AppleWebKit/537.36 (KHTML, like Gecko) Chrome/49.0.2623.75 Safari/537.36','/jeesite/a/sys/user/info','GET','tabPageId=jerichotabiframe_0',''),('70059e6ab21441ab8be6f293674d39e4','1','系统设置-系统设置-菜单管理-查看','1','2016-06-22 16:16:13','0:0:0:0:0:0:0:1','Mozilla/5.0 (Windows NT 10.0; WOW64) AppleWebKit/537.36 (KHTML, like Gecko) Chrome/49.0.2623.75 Safari/537.36','/jeesite/a/sys/menu/form','GET','parent.id=d04beb3092cd4579a223e8fe6b74a71e',''),('721ea331c3fd4aed8d597ac0d43a1072','1','内容管理-内容管理-内容发布','1','2016-06-22 15:13:32','192.168.8.165','Mozilla/5.0 (Windows NT 10.0; Win64; x64) AppleWebKit/537.36 (KHTML, like Gecko) Chrome/46.0.2486.0 Safari/537.36 Edge/13.10586','/jeesite/a/cms/','GET','tabPageId=jerichotabiframe_3',''),('72683958b35d47369bc33d7f316429e1','1','内容管理-内容管理','1','2016-06-22 15:13:32','192.168.8.165','Mozilla/5.0 (Windows NT 10.0; Win64; x64) AppleWebKit/537.36 (KHTML, like Gecko) Chrome/46.0.2486.0 Safari/537.36 Edge/13.10586','/jeesite/a/cms/tree','GET','',''),('73c892e438b94be7b0911d401c25af66','1','系统设置-系统设置-菜单管理-修改','1','2016-06-22 16:16:06','0:0:0:0:0:0:0:1','Mozilla/5.0 (Windows NT 10.0; WOW64) AppleWebKit/537.36 (KHTML, like Gecko) Chrome/49.0.2623.75 Safari/537.36','/jeesite/a/sys/menu/save','POST','id=&parent.id=62&parent.name=在线办公&name=业务订单&href=&target=&icon=&sort=330&isShow=1&permission=&remarks=',''),('75765dc4edc64298a7f4c47631b0a855','1','系统设置-系统设置-菜单管理','1','2016-06-22 16:11:02','0:0:0:0:0:0:0:1','Mozilla/5.0 (Windows NT 10.0; WOW64) AppleWebKit/537.36 (KHTML, like Gecko) Chrome/49.0.2623.75 Safari/537.36','/jeesite/a/sys/menu/','GET','',''),('7577b746c97f4817b8f3abe2982712fc','1','系统设置-机构用户-机构管理','1','2016-06-22 16:22:19','0:0:0:0:0:0:0:1','Mozilla/5.0 (Windows NT 10.0; WOW64) AppleWebKit/537.36 (KHTML, like Gecko) Chrome/49.0.2623.75 Safari/537.36','/jeesite/a/sys/office/','GET','tabPageId=jerichotabiframe_4',''),('759b1ba2178648db88f447abdab17c0f','1','系统设置-机构用户-用户管理','1','2016-06-21 11:47:37','0:0:0:0:0:0:0:1','Mozilla/5.0 (Windows NT 10.0; WOW64) AppleWebKit/537.36 (KHTML, like Gecko) Chrome/49.0.2623.75 Safari/537.36','/jeesite/a/sys/user/index','GET','tabPageId=jerichotabiframe_2',''),('75bf84d2bede4101aa9ed5e33b9d9826','1','系统设置-机构用户-用户管理','1','2016-06-22 14:58:35','0:0:0:0:0:0:0:1','Mozilla/5.0 (Windows NT 10.0; WOW64) AppleWebKit/537.36 (KHTML, like Gecko) Chrome/49.0.2623.75 Safari/537.36','/jeesite/a/sys/user/index','GET','tabPageId=jerichotabiframe_22',''),('7651ba0474fd4879be2d6d0adf18eedb','1','系统登录','1','2016-06-22 15:31:36','192.168.8.165','Mozilla/5.0 (Windows NT 10.0; Win64; x64) AppleWebKit/537.36 (KHTML, like Gecko) Chrome/46.0.2486.0 Safari/537.36 Edge/13.10586','/jeesite/a/sys/demo/businessinfo/form','GET','tabPageId=jerichotabiframe_8',''),('7719509ef67445458de65c1a5b2dc266','1','系统设置-系统设置-菜单管理','1','2016-06-22 15:06:07','0:0:0:0:0:0:0:1','Mozilla/5.0 (Windows NT 10.0; WOW64) AppleWebKit/537.36 (KHTML, like Gecko) Chrome/49.0.2623.75 Safari/537.36','/jeesite/a/sys/menu/','GET','',''),('7a1ce9ea26f54d9e9a97c47a882cd602','1','系统设置-系统设置-角色管理','1','2016-06-22 15:31:43','192.168.8.165','Mozilla/5.0 (Windows NT 10.0; Win64; x64) AppleWebKit/537.36 (KHTML, like Gecko) Chrome/46.0.2486.0 Safari/537.36 Edge/13.10586','/jeesite/a/sys/role/','GET','tabPageId=jerichotabiframe_11',''),('7a30673460ff48748b444abe9a90dda0','1','在线办公-通知通告-我的通告','1','2016-06-22 15:34:48','0:0:0:0:0:0:0:1','Mozilla/5.0 (Windows NT 10.0; WOW64) AppleWebKit/537.36 (KHTML, like Gecko) Chrome/49.0.2623.75 Safari/537.36','/jeesite/a/oa/oaNotify/self','GET','tabPageId=jerichotabiframe_3',''),('7b5c0e1407df4ea7a5a5407eb348ec0f','1','内容管理-内容管理','1','2016-06-22 15:13:32','192.168.8.165','Mozilla/5.0 (Windows NT 10.0; Win64; x64) AppleWebKit/537.36 (KHTML, like Gecko) Chrome/46.0.2486.0 Safari/537.36 Edge/13.10586','/jeesite/a/cms/none','GET','',''),('7b9f6503b141453f9c3bff2d14195a33','1','系统设置-机构用户-业务信息展示测试','1','2016-06-22 15:24:53','192.168.8.165','Mozilla/5.0 (Windows NT 10.0; Win64; x64) AppleWebKit/537.36 (KHTML, like Gecko) Chrome/46.0.2486.0 Safari/537.36 Edge/13.10586','/jeesite/a/sys/demo/businessinfo/form','GET','',''),('7c3cb83ddd394e6b99921ff63a729374','1','我的面板-个人信息-个人信息','1','2016-06-22 16:24:51','0:0:0:0:0:0:0:1','Mozilla/5.0 (Windows NT 10.0; WOW64) AppleWebKit/537.36 (KHTML, like Gecko) Chrome/49.0.2623.75 Safari/537.36','/jeesite/a/sys/user/info','GET','tabPageId=jerichotabiframe_0',''),('7ec2e7cbd7074e08b3d32f8d1aed10f1','1','系统设置-系统设置-菜单管理-查看','1','2016-06-22 16:15:47','0:0:0:0:0:0:0:1','Mozilla/5.0 (Windows NT 10.0; WOW64) AppleWebKit/537.36 (KHTML, like Gecko) Chrome/49.0.2623.75 Safari/537.36','/jeesite/a/sys/menu/form','GET','parent.id=62',''),('7ee5047114a04c2bbf5ee5e136ebb5b9','1','系统登录','1','2016-06-22 15:11:00','0:0:0:0:0:0:0:1','Mozilla/5.0 (Windows NT 10.0; WOW64) AppleWebKit/537.36 (KHTML, like Gecko) Chrome/49.0.2623.75 Safari/537.36','/jeesite/a','GET','login=',''),('7f0ffa0dd06546b5b0af5dd52570d31e','1','我的面板-个人信息-个人信息','1','2016-06-22 15:08:32','0:0:0:0:0:0:0:1','Mozilla/5.0 (Windows NT 10.0; WOW64) AppleWebKit/537.36 (KHTML, like Gecko) Chrome/49.0.2623.75 Safari/537.36','/jeesite/a/sys/user/info','GET','tabPageId=jerichotabiframe_0',''),('7f48a70b32f448558c9bf6a7cc8ea4d0','1','我的面板-个人信息-个人信息','1','2016-06-22 16:31:40','0:0:0:0:0:0:0:1','Mozilla/5.0 (Windows NT 10.0; WOW64) AppleWebKit/537.36 (KHTML, like Gecko) Chrome/49.0.2623.75 Safari/537.36','/jeesite/a/sys/user/info','GET','tabPageId=jerichotabiframe_0',''),('7fd28469af3c4a39b33cc0674f0acf19','1','系统登录','1','2016-06-22 15:34:48','0:0:0:0:0:0:0:1','Mozilla/5.0 (Windows NT 10.0; WOW64) AppleWebKit/537.36 (KHTML, like Gecko) Chrome/49.0.2623.75 Safari/537.36','/jeesite/a/sys/menu/tree','GET','parentId=62',''),('8101fdeae5184ae1b878671497eb65aa','1','在线办公-业务订单-业务订单详情','1','2016-06-22 16:31:43','0:0:0:0:0:0:0:1','Mozilla/5.0 (Windows NT 10.0; WOW64) AppleWebKit/537.36 (KHTML, like Gecko) Chrome/49.0.2623.75 Safari/537.36','/jeesite/a/order/businessinfo/form','GET','tabPageId=jerichotabiframe_2',''),('83e0b5064507488ba22611442034d84d','1','系统设置-业务订单-业务信息展示测试','1','2016-06-22 15:40:14','192.168.8.165','Mozilla/5.0 (Windows NT 10.0; Win64; x64) AppleWebKit/537.36 (KHTML, like Gecko) Chrome/46.0.2486.0 Safari/537.36 Edge/13.10586','/jeesite/a/sys/demo/businessinfo/form','GET','id=2acd13ddf3254e599d1b74181ac7e075',''),('8404ac600a784f43998957dc6a9529c1','1','代码生成-代码生成-生成方案配置','1','2016-06-22 14:44:50','0:0:0:0:0:0:0:1','Mozilla/5.0 (Windows NT 10.0; WOW64) AppleWebKit/537.36 (KHTML, like Gecko) Chrome/49.0.2623.75 Safari/537.36','/jeesite/a/gen/genScheme','GET','tabPageId=jerichotabiframe_2',''),('86377bb8c47a467c90d5e94d488b0a14','1','系统设置-系统设置-菜单管理-查看','1','2016-06-22 14:53:45','0:0:0:0:0:0:0:1','Mozilla/5.0 (Windows NT 10.0; WOW64) AppleWebKit/537.36 (KHTML, like Gecko) Chrome/49.0.2623.75 Safari/537.36','/jeesite/a/sys/menu/form','GET','parent.id=2',''),('874e0235630f40748cd721795d75695e','1','系统设置-机构用户-用户管理','1','2016-06-22 15:36:26','0:0:0:0:0:0:0:1','Mozilla/5.0 (Windows NT 10.0; WOW64) AppleWebKit/537.36 (KHTML, like Gecko) Chrome/49.0.2623.75 Safari/537.36','/jeesite/a/sys/user/index','GET','tabPageId=jerichotabiframe_1',''),('876435d07c354ae1b2b5a746426b3566','1','系统设置-系统设置-菜单管理','1','2016-06-22 16:11:15','0:0:0:0:0:0:0:1','Mozilla/5.0 (Windows NT 10.0; WOW64) AppleWebKit/537.36 (KHTML, like Gecko) Chrome/49.0.2623.75 Safari/537.36','/jeesite/a/sys/menu/','GET','',''),('899387db17e6493dbf1d62f3dfa6624a','1','系统设置-系统设置-菜单管理','1','2016-06-21 10:24:48','0:0:0:0:0:0:0:1','Mozilla/5.0 (Windows NT 10.0; WOW64) AppleWebKit/537.36 (KHTML, like Gecko) Chrome/49.0.2623.75 Safari/537.36','/jeesite/a/sys/menu/','GET','tabPageId=jerichotabiframe_7',''),('89c2322066d54f49a0351819bb6b6091','1','我的面板-个人信息-个人信息','1','2016-06-22 15:15:29','0:0:0:0:0:0:0:1','Mozilla/5.0 (Windows NT 10.0; WOW64) AppleWebKit/537.36 (KHTML, like Gecko) Chrome/49.0.2623.75 Safari/537.36','/jeesite/a/sys/user/info','GET','tabPageId=jerichotabiframe_0',''),('89e83bf9324c4f1c985e9f4a8af13240','1','系统设置-系统设置-菜单管理','1','2016-06-22 14:53:28','0:0:0:0:0:0:0:1','Mozilla/5.0 (Windows NT 10.0; WOW64) AppleWebKit/537.36 (KHTML, like Gecko) Chrome/49.0.2623.75 Safari/537.36','/jeesite/a/sys/menu/','GET','tabPageId=jerichotabiframe_5',''),('8a848aa57a46446e8bb2e243443f1687','1','系统设置-系统设置-菜单管理-查看','1','2016-06-22 15:31:50','192.168.8.165','Mozilla/5.0 (Windows NT 10.0; Win64; x64) AppleWebKit/537.36 (KHTML, like Gecko) Chrome/46.0.2486.0 Safari/537.36 Edge/13.10586','/jeesite/a/sys/menu/form','GET','id=c0d3d60f17be4391a52af098a6279ba3',''),('8aa46c9beeb44427a4be7fab0634966f','1','系统设置-日志查询-日志查询','1','2016-06-22 14:59:10','0:0:0:0:0:0:0:1','Mozilla/5.0 (Windows NT 10.0; WOW64) AppleWebKit/537.36 (KHTML, like Gecko) Chrome/49.0.2623.75 Safari/537.36','/jeesite/a/sys/log','GET','tabPageId=jerichotabiframe_4',''),('8b7ae2548d624f0ea43b46ffcc93f79e','1','系统设置-系统设置-菜单管理','1','2016-06-22 15:37:37','192.168.8.165','Mozilla/5.0 (Windows NT 10.0; Win64; x64) AppleWebKit/537.36 (KHTML, like Gecko) Chrome/46.0.2486.0 Safari/537.36 Edge/13.10586','/jeesite/a/sys/menu/','GET','tabPageId=jerichotabiframe_16',''),('8c7db4ba04e24f75852eee6f09d0b548','1','系统设置-系统设置-菜单管理','1','2016-06-22 14:55:12','0:0:0:0:0:0:0:1','Mozilla/5.0 (Windows NT 10.0; WOW64) AppleWebKit/537.36 (KHTML, like Gecko) Chrome/49.0.2623.75 Safari/537.36','/jeesite/a/sys/menu/','GET','tabPageId=jerichotabiframe_6',''),('8db22dbaf14d489ebda9dbd70a412c8a','1','系统设置-系统设置-菜单管理-查看','1','2016-06-22 14:54:56','0:0:0:0:0:0:0:1','Mozilla/5.0 (Windows NT 10.0; WOW64) AppleWebKit/537.36 (KHTML, like Gecko) Chrome/49.0.2623.75 Safari/537.36','/jeesite/a/sys/menu/form','GET','',''),('9096292650a247788b4189445bebc80a','1','系统登录','1','2016-06-22 14:29:22','0:0:0:0:0:0:0:1','Mozilla/5.0 (Windows NT 10.0; WOW64) AppleWebKit/537.36 (KHTML, like Gecko) Chrome/49.0.2623.75 Safari/537.36','/jeesite/a','GET','login=',''),('916c23a96f5e4a52b5802f019fd30146','1','系统设置-机构用户-用户管理','1','2016-06-22 15:39:19','0:0:0:0:0:0:0:1','Mozilla/5.0 (Windows NT 10.0; WOW64) AppleWebKit/537.36 (KHTML, like Gecko) Chrome/49.0.2623.75 Safari/537.36','/jeesite/a/sys/user/index','GET','tabPageId=jerichotabiframe_1',''),('91873b3d59f64b1db4e0680312edd7ff','1','系统设置-机构用户-用户管理','1','2016-06-22 15:17:07','0:0:0:0:0:0:0:1','Mozilla/5.0 (Windows NT 10.0; WOW64) AppleWebKit/537.36 (KHTML, like Gecko) Chrome/49.0.2623.75 Safari/537.36','/jeesite/a/sys/user/index','GET','tabPageId=jerichotabiframe_1',''),('9268ab3721b44f44b4bf14e4fc10d96e','1','系统设置-系统设置-角色管理','1','2016-06-22 16:18:33','0:0:0:0:0:0:0:1','Mozilla/5.0 (Windows NT 10.0; WOW64) AppleWebKit/537.36 (KHTML, like Gecko) Chrome/49.0.2623.75 Safari/537.36','/jeesite/a/sys/role/','GET','repage=',''),('9378b75fbf3a44aba00a794b46e6165f','1','我的面板-个人信息-个人信息','1','2016-06-21 10:25:06','0:0:0:0:0:0:0:1','Mozilla/5.0 (Windows NT 10.0; WOW64) AppleWebKit/537.36 (KHTML, like Gecko) Chrome/49.0.2623.75 Safari/537.36','/jeesite/a/sys/user/info','GET','tabPageId=jerichotabiframe_11',''),('93b73cfe2016449ebbb21178d9998d8f','1','系统设置-系统设置-菜单管理','1','2016-06-22 15:35:08','0:0:0:0:0:0:0:1','Mozilla/5.0 (Windows NT 10.0; WOW64) AppleWebKit/537.36 (KHTML, like Gecko) Chrome/49.0.2623.75 Safari/537.36','/jeesite/a/sys/menu/','GET','tabPageId=jerichotabiframe_6',''),('93d9939ee5624dc1aa71f52dcdbc7235','1','系统设置-机构用户-用户管理','1','2016-06-22 14:53:20','0:0:0:0:0:0:0:1','Mozilla/5.0 (Windows NT 10.0; WOW64) AppleWebKit/537.36 (KHTML, like Gecko) Chrome/49.0.2623.75 Safari/537.36','/jeesite/a/sys/user/index','GET','tabPageId=jerichotabiframe_2',''),('941059bd989f48fb8dc1e130afe8fdaf','1','代码生成-代码生成-生成方案配置','1','2016-06-22 14:27:36','0:0:0:0:0:0:0:1','Mozilla/5.0 (Windows NT 10.0; WOW64) AppleWebKit/537.36 (KHTML, like Gecko) Chrome/49.0.2623.75 Safari/537.36','/jeesite/a/gen/genScheme','GET','tabPageId=jerichotabiframe_2',''),('942594b9927243d69a029d3c0b490614','1','系统设置-机构用户-机构管理','1','2016-06-22 15:10:14','0:0:0:0:0:0:0:1','Mozilla/5.0 (Windows NT 10.0; WOW64) AppleWebKit/537.36 (KHTML, like Gecko) Chrome/49.0.2623.75 Safari/537.36','/jeesite/a/sys/office/','GET','tabPageId=jerichotabiframe_12',''),('948e0f364a3c406796364520300f047d','1','系统设置-机构用户-用户管理-查看','1','2016-06-22 15:38:54','192.168.8.165','Mozilla/5.0 (Windows NT 10.0; Win64; x64) AppleWebKit/537.36 (KHTML, like Gecko) Chrome/46.0.2486.0 Safari/537.36 Edge/13.10586','/jeesite/a/sys/user/list','GET','',''),('951da89eb66e4452bbe9fcf221f2f47f','1','系统设置-机构用户-用户管理','1','2016-06-21 10:24:40','0:0:0:0:0:0:0:1','Mozilla/5.0 (Windows NT 10.0; WOW64) AppleWebKit/537.36 (KHTML, like Gecko) Chrome/49.0.2623.75 Safari/537.36','/jeesite/a/sys/user/index','GET','tabPageId=jerichotabiframe_6',''),('9643668d08744c07861f811ebeffbcc5','1','系统设置-机构用户-用户管理-查看','1','2016-06-22 15:13:34','192.168.8.165','Mozilla/5.0 (Windows NT 10.0; Win64; x64) AppleWebKit/537.36 (KHTML, like Gecko) Chrome/46.0.2486.0 Safari/537.36 Edge/13.10586','/jeesite/a/sys/user/list','GET','',''),('9671ba1a8f2648bd82ddb6a25f15a17a','1','系统设置-系统设置-菜单管理','1','2016-06-22 15:06:27','0:0:0:0:0:0:0:1','Mozilla/5.0 (Windows NT 10.0; WOW64) AppleWebKit/537.36 (KHTML, like Gecko) Chrome/49.0.2623.75 Safari/537.36','/jeesite/a/sys/menu/','GET','',''),('968aa27cc83f40c196c618a57e464ffe','1','系统设置-机构用户-业务信息展示测试','1','2016-06-22 15:13:32','0:0:0:0:0:0:0:1','Mozilla/5.0 (Windows NT 10.0; WOW64) AppleWebKit/537.36 (KHTML, like Gecko) Chrome/49.0.2623.75 Safari/537.36','/jeesite/a/sys/demo/businessinfo/form','GET','tabPageId=jerichotabiframe_2',''),('99fa3be2fcd54f8580c0681669091ee4','1','系统设置-系统设置-角色管理-修改','1','2016-06-22 16:18:33','0:0:0:0:0:0:0:1','Mozilla/5.0 (Windows NT 10.0; WOW64) AppleWebKit/537.36 (KHTML, like Gecko) Chrome/49.0.2623.75 Safari/537.36','/jeesite/a/sys/role/save','POST','id=1&office.id=2&office.name=公司领导&oldName=系统管理员&name=系统管理员&oldEnname=dept&enname=dept&roleType=assignment&sysData=1&useable=1&dataScope=1&menuIds=1,27,28,29,30,71,56,57,58,59,62,88,89,90,63,73,74,64,65,66,69,70,72,d04beb3092cd4579a223e8fe6b74a...&officeIds=&remarks=',''),('9d2eb069d94b4310aa8df055b215d9d9','1','系统设置-系统设置-菜单管理-查看','1','2016-06-22 14:57:05','0:0:0:0:0:0:0:1','Mozilla/5.0 (Windows NT 10.0; WOW64) AppleWebKit/537.36 (KHTML, like Gecko) Chrome/49.0.2623.75 Safari/537.36','/jeesite/a/sys/menu/form','GET','id=14d06fb4b82d4b32902f2f002ebdbd67',''),('9d49cf3afdbf493d986fc53590650f6d','1','代码生成-生成示例-主子表','1','2016-06-22 14:45:20','0:0:0:0:0:0:0:1','Mozilla/5.0 (Windows NT 10.0; WOW64) AppleWebKit/537.36 (KHTML, like Gecko) Chrome/49.0.2623.75 Safari/537.36','/jeesite/a/test/testDataMain','GET','tabPageId=jerichotabiframe_6',''),('9e5c18aa3742489195d978dfa77ea549','1','系统设置-系统设置-菜单管理-查看','1','2016-06-22 15:36:03','0:0:0:0:0:0:0:1','Mozilla/5.0 (Windows NT 10.0; WOW64) AppleWebKit/537.36 (KHTML, like Gecko) Chrome/49.0.2623.75 Safari/537.36','/jeesite/a/sys/menu/form','GET','id=c0d3d60f17be4391a52af098a6279ba3',''),('9e8a13ffce8147439467702276aa440e','1','系统设置-机构用户-用户管理','1','2016-06-22 15:43:36','0:0:0:0:0:0:0:1','Mozilla/5.0 (Windows NT 10.0; WOW64) AppleWebKit/537.36 (KHTML, like Gecko) Chrome/49.0.2623.75 Safari/537.36','/jeesite/a/sys/user/index','GET','tabPageId=jerichotabiframe_1',''),('9eb20e173f9145f293e88ec873ecfbc2','1','系统设置-机构用户-区域管理','1','2016-06-22 15:08:45','0:0:0:0:0:0:0:1','Mozilla/5.0 (Windows NT 10.0; WOW64) AppleWebKit/537.36 (KHTML, like Gecko) Chrome/49.0.2623.75 Safari/537.36','/jeesite/a/sys/area/','GET','tabPageId=jerichotabiframe_5',''),('9fc38b00abdc476dbdef3c0980754eeb','1','系统登录','1','2016-06-22 14:30:57','0:0:0:0:0:0:0:1','Mozilla/5.0 (Windows NT 10.0; WOW64) AppleWebKit/537.36 (KHTML, like Gecko) Chrome/49.0.2623.75 Safari/537.36','/jeesite/a','GET','login=',''),('a0013677fed64c509b8abc5dea9be53d','1','代码生成-代码生成-生成方案配置','1','2016-06-22 14:47:32','0:0:0:0:0:0:0:1','Mozilla/5.0 (Windows NT 10.0; WOW64) AppleWebKit/537.36 (KHTML, like Gecko) Chrome/49.0.2623.75 Safari/537.36','/jeesite/a/gen/genScheme','GET','tabPageId=jerichotabiframe_2',''),('a01c75bd657a455aba4e7595427b1969','1','系统登录','1','2016-06-22 16:33:30','0:0:0:0:0:0:0:1','Mozilla/5.0 (Windows NT 10.0; WOW64) AppleWebKit/537.36 (KHTML, like Gecko) Chrome/49.0.2623.75 Safari/537.36','/jeesite/a','GET','login=',''),('a081c0b43ff64812927c470badeb778f','1','系统设置-机构用户-用户管理-查看','1','2016-06-22 15:43:37','0:0:0:0:0:0:0:1','Mozilla/5.0 (Windows NT 10.0; WOW64) AppleWebKit/537.36 (KHTML, like Gecko) Chrome/49.0.2623.75 Safari/537.36','/jeesite/a/sys/user/list','GET','',''),('a09dc62d06184f70855cfdf43e89cb87','1','系统设置-机构用户-业务信息展示测试','1','2016-06-22 15:08:37','0:0:0:0:0:0:0:1','Mozilla/5.0 (Windows NT 10.0; WOW64) AppleWebKit/537.36 (KHTML, like Gecko) Chrome/49.0.2623.75 Safari/537.36','/jeesite/a/sys/demo/businessinfo/list','GET','tabPageId=jerichotabiframe_2',''),('a184be24b43b4a13920aec720711e4b2','1','在线办公-通知通告-我的通告','1','2016-06-22 16:20:42','0:0:0:0:0:0:0:1','Mozilla/5.0 (Windows NT 10.0; WOW64) AppleWebKit/537.36 (KHTML, like Gecko) Chrome/49.0.2623.75 Safari/537.36','/jeesite/a/oa/oaNotify/self','GET','tabPageId=jerichotabiframe_1',''),('a20129b2a34348bda389623a68f7b496','1','代码生成-生成示例-单表','1','2016-06-22 15:16:35','0:0:0:0:0:0:0:1','Mozilla/5.0 (Windows NT 10.0; WOW64) AppleWebKit/537.36 (KHTML, like Gecko) Chrome/49.0.2623.75 Safari/537.36','/jeesite/a/test/testData','GET','tabPageId=jerichotabiframe_3',''),('a3f11069c0484717885ad9491a5147ff','1','我的面板-个人信息-个人信息','1','2016-06-22 16:20:04','0:0:0:0:0:0:0:1','Mozilla/5.0 (Windows NT 10.0; WOW64) AppleWebKit/537.36 (KHTML, like Gecko) Chrome/49.0.2623.75 Safari/537.36','/jeesite/a/sys/user/info','GET','tabPageId=jerichotabiframe_0',''),('a467331a7405401283a57212c9441ac1','1','系统登录','1','2016-06-22 16:10:48','0:0:0:0:0:0:0:1','Mozilla/5.0 (Windows NT 10.0; WOW64) AppleWebKit/537.36 (KHTML, like Gecko) Chrome/49.0.2623.75 Safari/537.36','/jeesite/a/sys/office/','GET','tabPageId=jerichotabiframe_4',''),('a4dbd90606cb4a05a7dd3e9dd20a5182','1','在线办公-通知通告-我的通告','1','2016-06-22 16:33:34','0:0:0:0:0:0:0:1','Mozilla/5.0 (Windows NT 10.0; WOW64) AppleWebKit/537.36 (KHTML, like Gecko) Chrome/49.0.2623.75 Safari/537.36','/jeesite/a/oa/oaNotify/self','GET','tabPageId=jerichotabiframe_1',''),('a60d2bffb7154c0f86a101147b9f3b23','1','代码生成-代码生成-生成方案配置','1','2016-06-22 15:13:39','192.168.8.165','Mozilla/5.0 (Windows NT 10.0; Win64; x64) AppleWebKit/537.36 (KHTML, like Gecko) Chrome/46.0.2486.0 Safari/537.36 Edge/13.10586','/jeesite/a/gen/genScheme','GET','tabPageId=jerichotabiframe_6',''),('a68d450b958949c9a8d0d299aaafe3aa','1','系统设置-系统设置-菜单管理-查看','1','2016-06-22 15:05:09','0:0:0:0:0:0:0:1','Mozilla/5.0 (Windows NT 10.0; WOW64) AppleWebKit/537.36 (KHTML, like Gecko) Chrome/49.0.2623.75 Safari/537.36','/jeesite/a/sys/menu/form','GET','id=13',''),('a8526cd5ae3d472c98c0623ca2285a0b','1','我的面板-个人信息-个人信息','1','2016-06-22 16:11:29','0:0:0:0:0:0:0:1','Mozilla/5.0 (Windows NT 10.0; WOW64) AppleWebKit/537.36 (KHTML, like Gecko) Chrome/49.0.2623.75 Safari/537.36','/jeesite/a/sys/user/info','GET','tabPageId=jerichotabiframe_0',''),('a8d78950495a42df979dda985a865636','1','系统设置-系统设置-菜单管理','1','2016-06-22 14:57:13','0:0:0:0:0:0:0:1','Mozilla/5.0 (Windows NT 10.0; WOW64) AppleWebKit/537.36 (KHTML, like Gecko) Chrome/49.0.2623.75 Safari/537.36','/jeesite/a/sys/menu/','GET','',''),('a90da1b5b99a43d3b561a814efc2dff2','1','系统设置-机构用户-用户管理','1','2016-06-22 15:11:03','0:0:0:0:0:0:0:1','Mozilla/5.0 (Windows NT 10.0; WOW64) AppleWebKit/537.36 (KHTML, like Gecko) Chrome/49.0.2623.75 Safari/537.36','/jeesite/a/sys/user/index','GET','tabPageId=jerichotabiframe_1',''),('aafcd9b1af9d494d9c820d34985ada91','1','系统设置-业务订单-业务信息展示测试','1','2016-06-22 15:40:11','192.168.8.165','Mozilla/5.0 (Windows NT 10.0; Win64; x64) AppleWebKit/537.36 (KHTML, like Gecko) Chrome/46.0.2486.0 Safari/537.36 Edge/13.10586','/jeesite/a/sys/demo/businessinfo/form','GET','',''),('ab01e43e35664fc0ab08ebc10e115441','1','系统设置-系统设置-菜单管理','1','2016-06-22 15:35:45','0:0:0:0:0:0:0:1','Mozilla/5.0 (Windows NT 10.0; WOW64) AppleWebKit/537.36 (KHTML, like Gecko) Chrome/49.0.2623.75 Safari/537.36','/jeesite/a/sys/menu/','GET','',''),('ab86e4a54395463691e79b12432d073c','1','系统设置-系统设置-菜单管理','1','2016-06-22 16:16:06','0:0:0:0:0:0:0:1','Mozilla/5.0 (Windows NT 10.0; WOW64) AppleWebKit/537.36 (KHTML, like Gecko) Chrome/49.0.2623.75 Safari/537.36','/jeesite/a/sys/menu/','GET','',''),('aba8fe3c06f64f6f83cad49e46ff78fe','1','代码生成-生成示例-单表','1','2016-06-22 16:12:06','0:0:0:0:0:0:0:1','Mozilla/5.0 (Windows NT 10.0; WOW64) AppleWebKit/537.36 (KHTML, like Gecko) Chrome/49.0.2623.75 Safari/537.36','/jeesite/a/test/testData','GET','tabPageId=jerichotabiframe_4',''),('ac128275c31144b0aa3500776ec01800','1','系统设置-系统设置-菜单管理','1','2016-06-22 14:59:48','0:0:0:0:0:0:0:1','Mozilla/5.0 (Windows NT 10.0; WOW64) AppleWebKit/537.36 (KHTML, like Gecko) Chrome/49.0.2623.75 Safari/537.36','/jeesite/a/sys/menu/','GET','tabPageId=jerichotabiframe_7',''),('ac26bb4f7f4843b481d98664befabe04','1','系统设置-机构用户-机构管理','1','2016-06-22 15:31:40','192.168.8.165','Mozilla/5.0 (Windows NT 10.0; Win64; x64) AppleWebKit/537.36 (KHTML, like Gecko) Chrome/46.0.2486.0 Safari/537.36 Edge/13.10586','/jeesite/a/sys/office/','GET','tabPageId=jerichotabiframe_10',''),('ac32bca377c847c39f91a1228ee03398','1','系统设置-机构用户-机构管理','1','2016-06-22 16:15:31','0:0:0:0:0:0:0:1','Mozilla/5.0 (Windows NT 10.0; WOW64) AppleWebKit/537.36 (KHTML, like Gecko) Chrome/49.0.2623.75 Safari/537.36','/jeesite/a/sys/office/','GET','tabPageId=jerichotabiframe_17',''),('ad01d5dacd2d4685b6c1369f08e0269b','1','我的面板-个人信息-个人信息','1','2016-06-22 16:38:42','0:0:0:0:0:0:0:1','Mozilla/5.0 (Windows NT 10.0; WOW64) AppleWebKit/537.36 (KHTML, like Gecko) Chrome/49.0.2623.75 Safari/537.36','/jeesite/a/sys/user/info','GET','tabPageId=jerichotabiframe_0',''),('ad632d2b31d94979a881ac52464b58a6','1','系统设置-系统设置-菜单管理','1','2016-06-21 11:47:45','0:0:0:0:0:0:0:1','Mozilla/5.0 (Windows NT 10.0; WOW64) AppleWebKit/537.36 (KHTML, like Gecko) Chrome/49.0.2623.75 Safari/537.36','/jeesite/a/sys/menu/','GET','tabPageId=jerichotabiframe_3',''),('adf51f2de36e4a61bb40eba1801d319f','1','内容管理-内容管理','1','2016-06-22 14:29:33','0:0:0:0:0:0:0:1','Mozilla/5.0 (Windows NT 10.0; WOW64) AppleWebKit/537.36 (KHTML, like Gecko) Chrome/49.0.2623.75 Safari/537.36','/jeesite/a/cms/tree','GET','',''),('af53a516caee42eaaabe4bccf3648ab4','1','代码生成-生成示例-单表','1','2016-06-22 14:45:15','0:0:0:0:0:0:0:1','Mozilla/5.0 (Windows NT 10.0; WOW64) AppleWebKit/537.36 (KHTML, like Gecko) Chrome/49.0.2623.75 Safari/537.36','/jeesite/a/test/testData','GET','tabPageId=jerichotabiframe_5',''),('afa4d73a469e49b3af341b0d93fbcb6c','1','我的面板-个人信息-个人信息','1','2016-06-22 16:33:31','0:0:0:0:0:0:0:1','Mozilla/5.0 (Windows NT 10.0; WOW64) AppleWebKit/537.36 (KHTML, like Gecko) Chrome/49.0.2623.75 Safari/537.36','/jeesite/a/sys/user/info','GET','tabPageId=jerichotabiframe_0',''),('b02f2107e1dc4c86874d5ce25df1bedc','1','我的面板-个人信息-个人信息','1','2016-06-22 16:24:38','0:0:0:0:0:0:0:1','Mozilla/5.0 (Windows NT 10.0; WOW64) AppleWebKit/537.36 (KHTML, like Gecko) Chrome/49.0.2623.75 Safari/537.36','/jeesite/a/sys/user/info','GET','tabPageId=jerichotabiframe_0',''),('b04aa88061eb4765a98a6e1a16668111','1','在线办公-业务订单-业务订单详情','1','2016-06-22 17:01:49','0:0:0:0:0:0:0:1','Mozilla/5.0 (Windows NT 10.0; WOW64) AppleWebKit/537.36 (KHTML, like Gecko) Chrome/49.0.2623.75 Safari/537.36','/jeesite/a/order/businessinfo/form','GET','tabPageId=jerichotabiframe_2',''),('b117a7105c494d1b918d8e1a7ea458df','1','系统设置-机构用户-机构管理-查看','1','2016-06-22 15:31:41','192.168.8.165','Mozilla/5.0 (Windows NT 10.0; Win64; x64) AppleWebKit/537.36 (KHTML, like Gecko) Chrome/46.0.2486.0 Safari/537.36 Edge/13.10586','/jeesite/a/sys/office/list','GET','id=&parentIds=',''),('b13f63d1a20b42ec8a314ec3a8f5b65b','1','在线办公-通知通告-我的通告','1','2016-06-22 17:01:38','0:0:0:0:0:0:0:1','Mozilla/5.0 (Windows NT 10.0; WOW64) AppleWebKit/537.36 (KHTML, like Gecko) Chrome/49.0.2623.75 Safari/537.36','/jeesite/a/oa/oaNotify/self','GET','tabPageId=jerichotabiframe_1',''),('b14cfb532a644ab28d2aac186579c46d','1','我的面板-个人信息-个人信息','1','2016-06-22 14:46:53','0:0:0:0:0:0:0:1','Mozilla/5.0 (Windows NT 10.0; WOW64) AppleWebKit/537.36 (KHTML, like Gecko) Chrome/49.0.2623.75 Safari/537.36','/jeesite/a/sys/user/info','GET','tabPageId=jerichotabiframe_0',''),('b25b4fb3b5754d189ad1a7613ab4622f','1','系统设置-机构用户-用户管理','1','2016-06-22 15:24:48','192.168.8.165','Mozilla/5.0 (Windows NT 10.0; Win64; x64) AppleWebKit/537.36 (KHTML, like Gecko) Chrome/46.0.2486.0 Safari/537.36 Edge/13.10586','/jeesite/a/sys/user/index','GET','tabPageId=jerichotabiframe_1',''),('b3fadd3d06a24d2f86575161c116a333','1','系统设置-机构用户-用户管理-查看','1','2016-06-22 15:17:07','0:0:0:0:0:0:0:1','Mozilla/5.0 (Windows NT 10.0; WOW64) AppleWebKit/537.36 (KHTML, like Gecko) Chrome/49.0.2623.75 Safari/537.36','/jeesite/a/sys/user/list','GET','',''),('b43d5182b7a64ac0949a1c25a7a41269','1','在线办公-业务订单-业务订单详情','1','2016-06-22 16:24:55','0:0:0:0:0:0:0:1','Mozilla/5.0 (Windows NT 10.0; WOW64) AppleWebKit/537.36 (KHTML, like Gecko) Chrome/49.0.2623.75 Safari/537.36','/jeesite/a/order/businessinfo/form','GET','tabPageId=jerichotabiframe_2',''),('b51882c066514a81bdd98471b2fbf72b','1','系统设置-机构用户-用户管理-查看','1','2016-06-21 10:24:40','0:0:0:0:0:0:0:1','Mozilla/5.0 (Windows NT 10.0; WOW64) AppleWebKit/537.36 (KHTML, like Gecko) Chrome/49.0.2623.75 Safari/537.36','/jeesite/a/sys/user/list','GET','',''),('b563e0ad892b4b9d8cd1e94996fb5a9a','1','系统设置-系统设置-角色管理-查看','1','2016-06-22 16:18:24','0:0:0:0:0:0:0:1','Mozilla/5.0 (Windows NT 10.0; WOW64) AppleWebKit/537.36 (KHTML, like Gecko) Chrome/49.0.2623.75 Safari/537.36','/jeesite/a/sys/role/form','GET','id=1',''),('b5f18321a0a0405f9a91cbb5f488ac54','1','代码生成-生成示例-主子表','1','2016-06-22 15:16:40','0:0:0:0:0:0:0:1','Mozilla/5.0 (Windows NT 10.0; WOW64) AppleWebKit/537.36 (KHTML, like Gecko) Chrome/49.0.2623.75 Safari/537.36','/jeesite/a/test/testDataMain','GET','tabPageId=jerichotabiframe_4',''),('b71b806599da43c58f4e93272e1bc597','1','系统设置-机构用户-业务信息展示测试','1','2016-06-22 15:13:37','0:0:0:0:0:0:0:1','Mozilla/5.0 (Windows NT 10.0; WOW64) AppleWebKit/537.36 (KHTML, like Gecko) Chrome/49.0.2623.75 Safari/537.36','/jeesite/a/sys/demo/businessinfo/form','GET','',''),('b86a953d7676422289bb2917e4655f9a','1','系统设置-机构用户-用户管理-查看','1','2016-06-22 15:36:26','0:0:0:0:0:0:0:1','Mozilla/5.0 (Windows NT 10.0; WOW64) AppleWebKit/537.36 (KHTML, like Gecko) Chrome/49.0.2623.75 Safari/537.36','/jeesite/a/sys/user/list','GET','',''),('b8cf2a749f114ba7b71925841ae04a27','1','我的面板-个人信息-个人信息','1','2016-06-22 15:17:04','0:0:0:0:0:0:0:1','Mozilla/5.0 (Windows NT 10.0; WOW64) AppleWebKit/537.36 (KHTML, like Gecko) Chrome/49.0.2623.75 Safari/537.36','/jeesite/a/sys/user/info','GET','tabPageId=jerichotabiframe_0',''),('bb25916cb046407593b5daedaf00801d','1','系统设置-机构用户-用户管理-查看','1','2016-06-22 16:11:31','0:0:0:0:0:0:0:1','Mozilla/5.0 (Windows NT 10.0; WOW64) AppleWebKit/537.36 (KHTML, like Gecko) Chrome/49.0.2623.75 Safari/537.36','/jeesite/a/sys/user/list','GET','',''),('bbc4388e9dbc4e1091166b2ad5229dcf','1','系统设置-系统设置-角色管理','1','2016-06-22 14:59:52','0:0:0:0:0:0:0:1','Mozilla/5.0 (Windows NT 10.0; WOW64) AppleWebKit/537.36 (KHTML, like Gecko) Chrome/49.0.2623.75 Safari/537.36','/jeesite/a/sys/role/','GET','tabPageId=jerichotabiframe_8',''),('bbdf8aa4429341829285c4e972aefcb9','1','我的面板-个人信息-个人信息','1','2016-06-22 15:38:48','192.168.8.165','Mozilla/5.0 (Windows NT 10.0; Win64; x64) AppleWebKit/537.36 (KHTML, like Gecko) Chrome/46.0.2486.0 Safari/537.36 Edge/13.10586','/jeesite/a/sys/user/info','GET','tabPageId=jerichotabiframe_0',''),('be3074fb3a304ab59bb37d8faa5a7a03','1','我的面板-个人信息-个人信息','1','2016-06-22 14:29:23','0:0:0:0:0:0:0:1','Mozilla/5.0 (Windows NT 10.0; WOW64) AppleWebKit/537.36 (KHTML, like Gecko) Chrome/49.0.2623.75 Safari/537.36','/jeesite/a/sys/user/info','GET','tabPageId=jerichotabiframe_0',''),('bfb33dc8484e4a42a479484d7be51622','1','内容管理-内容管理','1','2016-06-22 14:53:21','0:0:0:0:0:0:0:1','Mozilla/5.0 (Windows NT 10.0; WOW64) AppleWebKit/537.36 (KHTML, like Gecko) Chrome/49.0.2623.75 Safari/537.36','/jeesite/a/cms/tree','GET','',''),('c1d7839bf9ee4cf2ae1ad819c718e3be','1','系统设置-机构用户-区域管理','1','2016-06-22 15:08:52','0:0:0:0:0:0:0:1','Mozilla/5.0 (Windows NT 10.0; WOW64) AppleWebKit/537.36 (KHTML, like Gecko) Chrome/49.0.2623.75 Safari/537.36','/jeesite/a/sys/area/','GET','tabPageId=jerichotabiframe_7',''),('c207e8e4177a4e04a3e9b40e7cfcd2c7','1','系统设置-系统设置-菜单管理','1','2016-06-22 15:08:08','0:0:0:0:0:0:0:1','Mozilla/5.0 (Windows NT 10.0; WOW64) AppleWebKit/537.36 (KHTML, like Gecko) Chrome/49.0.2623.75 Safari/537.36','/jeesite/a/sys/menu/','GET','',''),('c278adf2b2fc46779d021211adf9fd2b','1','系统设置-系统设置-字典管理','1','2016-06-22 15:00:27','0:0:0:0:0:0:0:1','Mozilla/5.0 (Windows NT 10.0; WOW64) AppleWebKit/537.36 (KHTML, like Gecko) Chrome/49.0.2623.75 Safari/537.36','/jeesite/a/sys/dict/','GET','tabPageId=jerichotabiframe_9',''),('c2790cf82c8e401c938da69951c8403a','1','我的面板-个人信息-个人信息','1','2016-06-21 10:17:59','0:0:0:0:0:0:0:1','Mozilla/5.0 (Windows NT 10.0; WOW64) AppleWebKit/537.36 (KHTML, like Gecko) Chrome/49.0.2623.75 Safari/537.36','/jeesite/a/sys/user/info','GET','tabPageId=jerichotabiframe_0',''),('c2f5b10d0daa4080be6ec279b5989e00','1','我的面板-个人信息-个人信息','1','2016-06-22 14:30:58','0:0:0:0:0:0:0:1','Mozilla/5.0 (Windows NT 10.0; WOW64) AppleWebKit/537.36 (KHTML, like Gecko) Chrome/49.0.2623.75 Safari/537.36','/jeesite/a/sys/user/info','GET','tabPageId=jerichotabiframe_0',''),('c376af3653084becb2835e99328ca089','1','系统设置-系统设置-菜单管理-查看','1','2016-06-22 15:12:41','0:0:0:0:0:0:0:1','Mozilla/5.0 (Windows NT 10.0; WOW64) AppleWebKit/537.36 (KHTML, like Gecko) Chrome/49.0.2623.75 Safari/537.36','/jeesite/a/sys/menu/form','GET','id=c0d3d60f17be4391a52af098a6279ba3',''),('c760b38fc2304095a1b801ab7eb31d91','1','系统设置-机构用户-用户管理','1','2016-06-22 15:38:04','192.168.8.165','Mozilla/5.0 (Windows NT 10.0; Win64; x64) AppleWebKit/537.36 (KHTML, like Gecko) Chrome/46.0.2486.0 Safari/537.36 Edge/13.10586','/jeesite/a/sys/user/index','GET','tabPageId=jerichotabiframe_1',''),('c818a61ec20142af81825ab06eaaa9a1','1','内容管理-内容管理','1','2016-06-22 14:29:33','0:0:0:0:0:0:0:1','Mozilla/5.0 (Windows NT 10.0; WOW64) AppleWebKit/537.36 (KHTML, like Gecko) Chrome/49.0.2623.75 Safari/537.36','/jeesite/a/cms/none','GET','',''),('c843e125292c4c1ebd09f60ec902d13a','1','系统设置-机构用户-用户管理-查看','1','2016-06-22 15:24:48','192.168.8.165','Mozilla/5.0 (Windows NT 10.0; Win64; x64) AppleWebKit/537.36 (KHTML, like Gecko) Chrome/46.0.2486.0 Safari/537.36 Edge/13.10586','/jeesite/a/sys/user/list','GET','',''),('c8a33df0f8444e3782f6e7410fe1dc40','1','系统设置-系统设置-角色管理','1','2016-06-22 16:17:45','0:0:0:0:0:0:0:1','Mozilla/5.0 (Windows NT 10.0; WOW64) AppleWebKit/537.36 (KHTML, like Gecko) Chrome/49.0.2623.75 Safari/537.36','/jeesite/a/sys/role/','GET','tabPageId=jerichotabiframe_20',''),('c9a04b7743874f4bb80f0019d0741e11','1','代码生成-代码生成-业务表配置','1','2016-06-22 15:13:35','192.168.8.165','Mozilla/5.0 (Windows NT 10.0; Win64; x64) AppleWebKit/537.36 (KHTML, like Gecko) Chrome/46.0.2486.0 Safari/537.36 Edge/13.10586','/jeesite/a/gen/genTable','GET','tabPageId=jerichotabiframe_5',''),('ca106778ee584d829f5d2f133dddc064','1','系统设置-系统设置-菜单管理-修改','1','2016-06-22 15:35:45','0:0:0:0:0:0:0:1','Mozilla/5.0 (Windows NT 10.0; WOW64) AppleWebKit/537.36 (KHTML, like Gecko) Chrome/49.0.2623.75 Safari/537.36','/jeesite/a/sys/menu/save','POST','id=&parent.id=2&parent.name=系统设置&name=业务订单&href=&target=&icon=&sort=1020&isShow=1&permission=&remarks=',''),('cb948303fe8d4ce09ccf4e23efae6fe5','1','系统设置-业务订单-业务信息展示测试','1','2016-06-22 15:40:08','192.168.8.165','Mozilla/5.0 (Windows NT 10.0; Win64; x64) AppleWebKit/537.36 (KHTML, like Gecko) Chrome/46.0.2486.0 Safari/537.36 Edge/13.10586','/jeesite/a/sys/demo/businessinfo/form','GET','tabPageId=jerichotabiframe_2',''),('cdf11ced30964aa88d63db62ef8c32d2','1','系统设置-系统设置-菜单管理-修改','1','2016-06-22 15:13:04','0:0:0:0:0:0:0:1','Mozilla/5.0 (Windows NT 10.0; WOW64) AppleWebKit/537.36 (KHTML, like Gecko) Chrome/49.0.2623.75 Safari/537.36','/jeesite/a/sys/menu/save','POST','id=c0d3d60f17be4391a52af098a6279ba3&parent.id=13&parent.name=机构用户&name=业务信息展示测试&href=/sys/demo/businessinfo/form&target=&icon=&sort=80&isShow=1&permission=sys:demo:businessinfo:*&remarks=',''),('ce299a4d5c764ec783f7c0d5800b5fb3','1','代码生成-代码生成-生成方案配置','1','2016-06-22 16:11:50','0:0:0:0:0:0:0:1','Mozilla/5.0 (Windows NT 10.0; WOW64) AppleWebKit/537.36 (KHTML, like Gecko) Chrome/49.0.2623.75 Safari/537.36','/jeesite/a/gen/genScheme','GET','tabPageId=jerichotabiframe_3',''),('ce94d845440543cc9c41ed11a8c0a825','1','系统设置-机构用户-用户管理-查看','1','2016-06-22 14:53:21','0:0:0:0:0:0:0:1','Mozilla/5.0 (Windows NT 10.0; WOW64) AppleWebKit/537.36 (KHTML, like Gecko) Chrome/49.0.2623.75 Safari/537.36','/jeesite/a/sys/user/list','GET','',''),('d0a9c25e924b42b1bf2c103920672281','1','系统设置-系统设置-菜单管理-查看','1','2016-06-22 14:58:01','0:0:0:0:0:0:0:1','Mozilla/5.0 (Windows NT 10.0; WOW64) AppleWebKit/537.36 (KHTML, like Gecko) Chrome/49.0.2623.75 Safari/537.36','/jeesite/a/sys/menu/form','GET','id=14d06fb4b82d4b32902f2f002ebdbd67',''),('d25665949fd749d9ada7c567c1a95d13','1','系统设置-机构用户-用户管理','1','2016-06-22 15:40:03','192.168.8.165','Mozilla/5.0 (Windows NT 10.0; Win64; x64) AppleWebKit/537.36 (KHTML, like Gecko) Chrome/46.0.2486.0 Safari/537.36 Edge/13.10586','/jeesite/a/sys/user/index','GET','tabPageId=jerichotabiframe_1',''),('d3befc240db74849a55a56202f447ddc','1','内容管理-内容管理-内容发布','1','2016-06-22 14:29:33','0:0:0:0:0:0:0:1','Mozilla/5.0 (Windows NT 10.0; WOW64) AppleWebKit/537.36 (KHTML, like Gecko) Chrome/49.0.2623.75 Safari/537.36','/jeesite/a/cms/','GET','tabPageId=jerichotabiframe_5',''),('d3ea0062fc484f959db366299c12f3e9','1','系统登录','1','2016-06-22 16:24:38','0:0:0:0:0:0:0:1','Mozilla/5.0 (Windows NT 10.0; WOW64) AppleWebKit/537.36 (KHTML, like Gecko) Chrome/49.0.2623.75 Safari/537.36','/jeesite/a','GET','login=',''),('d4a62748c99f4d5e90175b073e152dfd','1','系统设置-机构用户-机构管理-查看','1','2016-06-22 16:15:31','0:0:0:0:0:0:0:1','Mozilla/5.0 (Windows NT 10.0; WOW64) AppleWebKit/537.36 (KHTML, like Gecko) Chrome/49.0.2623.75 Safari/537.36','/jeesite/a/sys/office/list','GET','id=&parentIds=',''),('d675b495a0b447a9a4a47a3528129513','1','在线办公-业务订单-业务订单详情','1','2016-06-22 16:24:43','0:0:0:0:0:0:0:1','Mozilla/5.0 (Windows NT 10.0; WOW64) AppleWebKit/537.36 (KHTML, like Gecko) Chrome/49.0.2623.75 Safari/537.36','/jeesite/a/order/businessinfo/form','GET','tabPageId=jerichotabiframe_2',''),('d70ad9f17f5a414181a51897a762b84f','1','我的面板-个人信息-个人信息','1','2016-06-21 10:17:41','0:0:0:0:0:0:0:1','Mozilla/5.0 (Windows NT 10.0; WOW64) AppleWebKit/537.36 (KHTML, like Gecko) Chrome/49.0.2623.75 Safari/537.36','/jeesite/a/sys/user/info','GET','tabPageId=jerichotabiframe_0',''),('d77313f44967441ea80f0fbb4eebe694','1','系统设置-机构用户-用户管理-查看','1','2016-06-22 15:40:03','192.168.8.165','Mozilla/5.0 (Windows NT 10.0; Win64; x64) AppleWebKit/537.36 (KHTML, like Gecko) Chrome/46.0.2486.0 Safari/537.36 Edge/13.10586','/jeesite/a/sys/user/list','GET','',''),('d8b06560c76b49f2a3cdce39e2cc457d','1','内容管理-内容管理-内容发布','1','2016-06-22 16:15:27','0:0:0:0:0:0:0:1','Mozilla/5.0 (Windows NT 10.0; WOW64) AppleWebKit/537.36 (KHTML, like Gecko) Chrome/49.0.2623.75 Safari/537.36','/jeesite/a/cms/','GET','tabPageId=jerichotabiframe_15',''),('d8ca30136106431f8a920ac640fd7591','1','系统设置-机构用户-业务信息展示测试','1','2016-06-22 15:31:36','192.168.8.165','Mozilla/5.0 (Windows NT 10.0; Win64; x64) AppleWebKit/537.36 (KHTML, like Gecko) Chrome/46.0.2486.0 Safari/537.36 Edge/13.10586','/jeesite/a/sys/demo/businessinfo/form','GET','tabPageId=jerichotabiframe_8',''),('d8cf7e6676064af8895425b2afa72fde','1','在线办公-通知通告-通告管理','1','2016-06-22 15:13:29','192.168.8.165','Mozilla/5.0 (Windows NT 10.0; Win64; x64) AppleWebKit/537.36 (KHTML, like Gecko) Chrome/46.0.2486.0 Safari/537.36 Edge/13.10586','/jeesite/a/oa/oaNotify','GET','tabPageId=jerichotabiframe_2',''),('da138e68c7244c80a8a6959907f8f535','1','系统设置-系统设置-菜单管理','1','2016-06-22 15:13:04','0:0:0:0:0:0:0:1','Mozilla/5.0 (Windows NT 10.0; WOW64) AppleWebKit/537.36 (KHTML, like Gecko) Chrome/49.0.2623.75 Safari/537.36','/jeesite/a/sys/menu/','GET','',''),('da294cc0c75b4503a2501b8021544b02','1','系统设置-业务订单-业务信息展示测试','1','2016-06-22 15:36:29','0:0:0:0:0:0:0:1','Mozilla/5.0 (Windows NT 10.0; WOW64) AppleWebKit/537.36 (KHTML, like Gecko) Chrome/49.0.2623.75 Safari/537.36','/jeesite/a/sys/demo/businessinfo/form','GET','tabPageId=jerichotabiframe_2',''),('da5eb71e9094463f982b10c66c1adffe','1','内容管理-内容管理','1','2016-06-22 14:58:40','0:0:0:0:0:0:0:1','Mozilla/5.0 (Windows NT 10.0; WOW64) AppleWebKit/537.36 (KHTML, like Gecko) Chrome/49.0.2623.75 Safari/537.36','/jeesite/a/cms/none','GET','',''),('db39e5aa06934cd6b74e495f85075182','1','系统设置-机构用户-用户管理','1','2016-06-22 14:59:00','0:0:0:0:0:0:0:1','Mozilla/5.0 (Windows NT 10.0; WOW64) AppleWebKit/537.36 (KHTML, like Gecko) Chrome/49.0.2623.75 Safari/537.36','/jeesite/a/sys/user/index','GET','tabPageId=jerichotabiframe_3',''),('dc13c135e0404c24a2f22e61d2f6ff4e','1','代码生成-代码生成-生成方案配置','1','2016-06-22 15:16:26','0:0:0:0:0:0:0:1','Mozilla/5.0 (Windows NT 10.0; WOW64) AppleWebKit/537.36 (KHTML, like Gecko) Chrome/49.0.2623.75 Safari/537.36','/jeesite/a/gen/genScheme','GET','tabPageId=jerichotabiframe_2',''),('dd1d30420a2f432f81534a2af923c692','1','系统设置-系统设置-菜单管理','1','2016-06-22 16:10:51','0:0:0:0:0:0:0:1','Mozilla/5.0 (Windows NT 10.0; WOW64) AppleWebKit/537.36 (KHTML, like Gecko) Chrome/49.0.2623.75 Safari/537.36','/jeesite/a/sys/menu/','GET','tabPageId=jerichotabiframe_5',''),('dd58f0cf62ad46f198f16895d0eb520c','1','系统设置-系统设置-菜单管理-查看','1','2016-06-22 15:06:44','0:0:0:0:0:0:0:1','Mozilla/5.0 (Windows NT 10.0; WOW64) AppleWebKit/537.36 (KHTML, like Gecko) Chrome/49.0.2623.75 Safari/537.36','/jeesite/a/sys/menu/form','GET','parent.id=13',''),('dd5f4bbf8d574cda80dda7ccf9f5ea8f','1','在线办公-通知通告-我的通告','1','2016-06-22 14:57:27','0:0:0:0:0:0:0:1','Mozilla/5.0 (Windows NT 10.0; WOW64) AppleWebKit/537.36 (KHTML, like Gecko) Chrome/49.0.2623.75 Safari/537.36','/jeesite/a/oa/oaNotify/self','GET','tabPageId=jerichotabiframe_8',''),('ddb38bda4b8c43338510c0b86e637d99','1','系统设置-机构用户-用户管理','1','2016-06-22 15:40:55','192.168.8.165','Mozilla/5.0 (Windows NT 10.0; Win64; x64) AppleWebKit/537.36 (KHTML, like Gecko) Chrome/46.0.2486.0 Safari/537.36 Edge/13.10586','/jeesite/a/sys/user/index','GET','tabPageId=jerichotabiframe_3',''),('de7a71cc91734e1c9ead01e2170b05c9','1','系统设置-系统设置-菜单管理-修改','1','2016-06-22 16:11:02','0:0:0:0:0:0:0:1','Mozilla/5.0 (Windows NT 10.0; WOW64) AppleWebKit/537.36 (KHTML, like Gecko) Chrome/49.0.2623.75 Safari/537.36','/jeesite/a/sys/menu/delete','GET','id=c0d3d60f17be4391a52af098a6279ba3',''),('df0f3b0d5a73461db867a239c80591fc','1','代码生成-生成示例-树结构','1','2016-06-22 14:45:21','0:0:0:0:0:0:0:1','Mozilla/5.0 (Windows NT 10.0; WOW64) AppleWebKit/537.36 (KHTML, like Gecko) Chrome/49.0.2623.75 Safari/537.36','/jeesite/a/test/testTree','GET','tabPageId=jerichotabiframe_7',''),('e028547b918c42a9944295b556c9c4ac','1','在线办公-业务订单-业务订单详情','1','2016-06-22 16:33:36','0:0:0:0:0:0:0:1','Mozilla/5.0 (Windows NT 10.0; WOW64) AppleWebKit/537.36 (KHTML, like Gecko) Chrome/49.0.2623.75 Safari/537.36','/jeesite/a/order/businessinfo/form','GET','tabPageId=jerichotabiframe_2',''),('e11cec28629a4d5ab96998e61e7ebc3f','1','在线办公-通知通告-我的通告','1','2016-06-22 16:22:11','0:0:0:0:0:0:0:1','Mozilla/5.0 (Windows NT 10.0; WOW64) AppleWebKit/537.36 (KHTML, like Gecko) Chrome/49.0.2623.75 Safari/537.36','/jeesite/a/oa/oaNotify/self','GET','tabPageId=jerichotabiframe_1',''),('e195f88962284a419fe9bd6f457b03a0','1','系统设置-机构用户-业务信息展示测试','1','2016-06-22 15:17:01','0:0:0:0:0:0:0:1','Mozilla/5.0 (Windows NT 10.0; WOW64) AppleWebKit/537.36 (KHTML, like Gecko) Chrome/49.0.2623.75 Safari/537.36','/jeesite/a/sys/demo/businessinfo/form','GET','tabPageId=jerichotabiframe_7',''),('e1f1b291c75b4d17b201f098328978c6','1','系统登录','1','2016-06-22 16:31:38','0:0:0:0:0:0:0:1','Mozilla/5.0 (Windows NT 10.0; WOW64) AppleWebKit/537.36 (KHTML, like Gecko) Chrome/49.0.2623.75 Safari/537.36','/jeesite/a','GET','login=',''),('e30ded4ed8784cd8bae145b832843de8','1','系统登录','1','2016-06-22 15:13:27','0:0:0:0:0:0:0:1','Mozilla/5.0 (Windows NT 10.0; WOW64) AppleWebKit/537.36 (KHTML, like Gecko) Chrome/49.0.2623.75 Safari/537.36','/jeesite/a','GET','login=',''),('e310abbca39247378b1965f72a76da9e','1','系统设置-机构用户-用户管理-查看','1','2016-06-22 15:39:19','0:0:0:0:0:0:0:1','Mozilla/5.0 (Windows NT 10.0; WOW64) AppleWebKit/537.36 (KHTML, like Gecko) Chrome/49.0.2623.75 Safari/537.36','/jeesite/a/sys/user/list','GET','',''),('e54ca36adc0242bbbae91df5a7da40f7','1','系统设置-系统设置-菜单管理-修改','1','2016-06-22 15:06:27','0:0:0:0:0:0:0:1','Mozilla/5.0 (Windows NT 10.0; WOW64) AppleWebKit/537.36 (KHTML, like Gecko) Chrome/49.0.2623.75 Safari/537.36','/jeesite/a/sys/menu/delete','GET','id=14d06fb4b82d4b32902f2f002ebdbd67',''),('e5ab6518c44b48afa92c9beee36ae5e3','1','系统设置-系统设置-菜单管理-修改','1','2016-06-22 16:17:04','0:0:0:0:0:0:0:1','Mozilla/5.0 (Windows NT 10.0; WOW64) AppleWebKit/537.36 (KHTML, like Gecko) Chrome/49.0.2623.75 Safari/537.36','/jeesite/a/sys/menu/save','POST','id=&parent.id=d04beb3092cd4579a223e8fe6b74a71e&parent.name=业务订单&name=业务订单详情&href=/order/businessinfo/list&target=&icon=&sort=30&isShow=1&permission=order:businessinfo:*&remarks=',''),('e5e5cae2bfbb4f128b0c58709d42e7fe','1','系统设置-系统设置-角色管理','1','2016-06-22 16:18:22','0:0:0:0:0:0:0:1','Mozilla/5.0 (Windows NT 10.0; WOW64) AppleWebKit/537.36 (KHTML, like Gecko) Chrome/49.0.2623.75 Safari/537.36','/jeesite/a/sys/role/','GET','tabPageId=jerichotabiframe_27',''),('e89418f0d08447d4b2e7ea1a30a44002','1','系统设置-机构用户-用户管理-查看','1','2016-06-22 15:16:49','0:0:0:0:0:0:0:1','Mozilla/5.0 (Windows NT 10.0; WOW64) AppleWebKit/537.36 (KHTML, like Gecko) Chrome/49.0.2623.75 Safari/537.36','/jeesite/a/sys/user/list','GET','',''),('e95f505e504a4e6fa276579cff0c3a9a','1','系统设置-机构用户-机构管理-查看','1','2016-06-22 16:22:20','0:0:0:0:0:0:0:1','Mozilla/5.0 (Windows NT 10.0; WOW64) AppleWebKit/537.36 (KHTML, like Gecko) Chrome/49.0.2623.75 Safari/537.36','/jeesite/a/sys/office/list','GET','id=&parentIds=',''),('eb58bc25a96149b284a12bc81499be91','1','我的面板-个人信息-个人信息','1','2016-06-22 14:53:16','0:0:0:0:0:0:0:1','Mozilla/5.0 (Windows NT 10.0; WOW64) AppleWebKit/537.36 (KHTML, like Gecko) Chrome/49.0.2623.75 Safari/537.36','/jeesite/a/sys/user/info','GET','tabPageId=jerichotabiframe_0',''),('edf60993f9944360bbe41426d5ca4604','1','内容管理-内容管理','1','2016-06-22 16:15:27','0:0:0:0:0:0:0:1','Mozilla/5.0 (Windows NT 10.0; WOW64) AppleWebKit/537.36 (KHTML, like Gecko) Chrome/49.0.2623.75 Safari/537.36','/jeesite/a/cms/tree','GET','',''),('ee0c16611dc84d7db35bac9679beb556','1','系统设置-机构用户-用户管理','1','2016-06-22 15:13:34','192.168.8.165','Mozilla/5.0 (Windows NT 10.0; Win64; x64) AppleWebKit/537.36 (KHTML, like Gecko) Chrome/46.0.2486.0 Safari/537.36 Edge/13.10586','/jeesite/a/sys/user/index','GET','tabPageId=jerichotabiframe_4',''),('ee1ec1b3c53f4454925bb4b758019d05','1','系统设置-系统设置-菜单管理-修改','1','2016-06-22 15:36:13','0:0:0:0:0:0:0:1','Mozilla/5.0 (Windows NT 10.0; WOW64) AppleWebKit/537.36 (KHTML, like Gecko) Chrome/49.0.2623.75 Safari/537.36','/jeesite/a/sys/menu/save','POST','id=c0d3d60f17be4391a52af098a6279ba3&parent.id=fe541070549c45a2b8a57027a563cb83&parent.name=业务订单&name=业务信息展示测试&href=/sys/demo/businessinfo/form&target=&icon=&sort=80&isShow=1&permission=sys:demo:businessinfo:*&remarks=',''),('ef3072db0760413b87328e20f2c9d158','1','我的面板-个人信息-个人信息','1','2016-06-22 16:22:09','0:0:0:0:0:0:0:1','Mozilla/5.0 (Windows NT 10.0; WOW64) AppleWebKit/537.36 (KHTML, like Gecko) Chrome/49.0.2623.75 Safari/537.36','/jeesite/a/sys/user/info','GET','tabPageId=jerichotabiframe_0',''),('efa2876ec9174d03ab5bf1ff5c799513','1','在线办公-业务订单-业务订单详情','1','2016-06-22 16:20:11','0:0:0:0:0:0:0:1','Mozilla/5.0 (Windows NT 10.0; WOW64) AppleWebKit/537.36 (KHTML, like Gecko) Chrome/49.0.2623.75 Safari/537.36','/jeesite/a/order/businessinfo/list','GET','tabPageId=jerichotabiframe_2',''),('efb4300069fe4946b7d780f14475af18','1','在线办公-通知通告-我的通告','1','2016-06-22 16:24:40','0:0:0:0:0:0:0:1','Mozilla/5.0 (Windows NT 10.0; WOW64) AppleWebKit/537.36 (KHTML, like Gecko) Chrome/49.0.2623.75 Safari/537.36','/jeesite/a/oa/oaNotify/self','GET','tabPageId=jerichotabiframe_1',''),('efbaf328305741c3ab9b5cb02bbf060f','1','代码生成-代码生成-业务表配置','1','2016-06-22 15:15:33','0:0:0:0:0:0:0:1','Mozilla/5.0 (Windows NT 10.0; WOW64) AppleWebKit/537.36 (KHTML, like Gecko) Chrome/49.0.2623.75 Safari/537.36','/jeesite/a/gen/genTable','GET','tabPageId=jerichotabiframe_1',''),('f0b2e9f6579f4bfa90e18421a118dde6','1','系统设置-系统设置-菜单管理-修改','1','2016-06-22 14:56:46','0:0:0:0:0:0:0:1','Mozilla/5.0 (Windows NT 10.0; WOW64) AppleWebKit/537.36 (KHTML, like Gecko) Chrome/49.0.2623.75 Safari/537.36','/jeesite/a/sys/menu/save','POST','id=&parent.id=2&parent.name=系统设置&name=业务信息&href=/list&target=&icon=&sort=1020&isShow=1&permission=&remarks=',''),('f32a718b14c54cb79fc814f8fb9c9c1f','1','系统设置-机构用户-用户管理','1','2016-06-22 15:16:49','0:0:0:0:0:0:0:1','Mozilla/5.0 (Windows NT 10.0; WOW64) AppleWebKit/537.36 (KHTML, like Gecko) Chrome/49.0.2623.75 Safari/537.36','/jeesite/a/sys/user/index','GET','tabPageId=jerichotabiframe_6',''),('f43f41d13aa441b7bcb56458c6074b1f','1','系统设置-系统设置-菜单管理-修改','1','2016-06-22 16:24:27','0:0:0:0:0:0:0:1','Mozilla/5.0 (Windows NT 10.0; WOW64) AppleWebKit/537.36 (KHTML, like Gecko) Chrome/49.0.2623.75 Safari/537.36','/jeesite/a/sys/menu/save','POST','id=7cdd2e5cc9ec4a498bd2c24899720023&parent.id=d04beb3092cd4579a223e8fe6b74a71e&parent.name=业务订单&name=业务订单详情&href=/order/businessinfo/form&target=&icon=bell&sort=30&isShow=1&permission=order:businessinfo:*&remarks=',''),('f4cab20a43cc4eada2c196bd2fca9d21','1','在线办公-业务订单-业务订单详情','1','2016-06-22 16:22:13','0:0:0:0:0:0:0:1','Mozilla/5.0 (Windows NT 10.0; WOW64) AppleWebKit/537.36 (KHTML, like Gecko) Chrome/49.0.2623.75 Safari/537.36','/jeesite/a/order/businessinfo/list','GET','tabPageId=jerichotabiframe_2',''),('f5a94ece68084e3ba3846dcc0cd51f8e','1','系统设置-系统设置-菜单管理-修改','1','2016-06-22 14:57:13','0:0:0:0:0:0:0:1','Mozilla/5.0 (Windows NT 10.0; WOW64) AppleWebKit/537.36 (KHTML, like Gecko) Chrome/49.0.2623.75 Safari/537.36','/jeesite/a/sys/menu/save','POST','id=14d06fb4b82d4b32902f2f002ebdbd67&parent.id=2&parent.name=系统设置&name=业务信息&href=/sys/demo/businessinfo/list&target=&icon=&sort=1020&isShow=1&permission=&remarks=',''),('f6ccf714fc3c49a58e17cee0fdd7e303','1','系统设置-业务订单-业务信息展示测试','1','2016-06-22 15:39:21','0:0:0:0:0:0:0:1','Mozilla/5.0 (Windows NT 10.0; WOW64) AppleWebKit/537.36 (KHTML, like Gecko) Chrome/49.0.2623.75 Safari/537.36','/jeesite/a/sys/demo/businessinfo/form','GET','tabPageId=jerichotabiframe_2',''),('f761ecb9aab34cba80b93027da130aa3','1','我的面板-个人信息-个人信息','1','2016-06-22 17:01:37','0:0:0:0:0:0:0:1','Mozilla/5.0 (Windows NT 10.0; WOW64) AppleWebKit/537.36 (KHTML, like Gecko) Chrome/49.0.2623.75 Safari/537.36','/jeesite/a/sys/user/info','GET','tabPageId=jerichotabiframe_0',''),('f889f9cad0774d7888698504ecb26e57','1','我的面板-个人信息-个人信息','1','2016-06-22 15:13:23','192.168.8.165','Mozilla/5.0 (Windows NT 10.0; Win64; x64) AppleWebKit/537.36 (KHTML, like Gecko) Chrome/46.0.2486.0 Safari/537.36 Edge/13.10586','/jeesite/a/sys/user/info','GET','tabPageId=jerichotabiframe_0',''),('f88e014e38a1462aa57a29b33d08dd0d','1','系统设置-系统设置-菜单管理-修改','1','2016-06-22 15:10:37','0:0:0:0:0:0:0:1','Mozilla/5.0 (Windows NT 10.0; WOW64) AppleWebKit/537.36 (KHTML, like Gecko) Chrome/49.0.2623.75 Safari/537.36','/jeesite/a/sys/menu/save','POST','id=c0d3d60f17be4391a52af098a6279ba3&parent.id=13&parent.name=机构用户&name=业务信息展示测试&href=/sys/demo/businessinfo/list&target=&icon=&sort=80&isShow=1&permission=sys:demo:businessinfo:*&remarks=',''),('f8abf2f6f12f4c5eaef5ca99bc13568d','1','系统设置-系统设置-菜单管理-查看','1','2016-06-22 14:55:33','0:0:0:0:0:0:0:1','Mozilla/5.0 (Windows NT 10.0; WOW64) AppleWebKit/537.36 (KHTML, like Gecko) Chrome/49.0.2623.75 Safari/537.36','/jeesite/a/sys/menu/form','GET','parent.id=2',''),('f9e84f27ca4948d589eed1720181d07f','1','系统设置-系统设置-菜单管理-查看','1','2016-06-22 15:08:23','0:0:0:0:0:0:0:1','Mozilla/5.0 (Windows NT 10.0; WOW64) AppleWebKit/537.36 (KHTML, like Gecko) Chrome/49.0.2623.75 Safari/537.36','/jeesite/a/sys/menu/form','GET','id=20',''),('f9fd0244ab16427aa5e422b487db0bb5','1','我的面板-个人信息-个人信息','1','2016-06-22 15:13:28','0:0:0:0:0:0:0:1','Mozilla/5.0 (Windows NT 10.0; WOW64) AppleWebKit/537.36 (KHTML, like Gecko) Chrome/49.0.2623.75 Safari/537.36','/jeesite/a/sys/user/info','GET','tabPageId=jerichotabiframe_0',''),('fa53f02963e44a0e9e7ffb9eb2da4858','1','内容管理-内容管理','1','2016-06-22 14:58:40','0:0:0:0:0:0:0:1','Mozilla/5.0 (Windows NT 10.0; WOW64) AppleWebKit/537.36 (KHTML, like Gecko) Chrome/49.0.2623.75 Safari/537.36','/jeesite/a/cms/tree','GET','',''),('fab6f82a2c994a519ed5429d25d4732e','1','在线办公-通知通告-我的通告','1','2016-06-22 16:31:41','0:0:0:0:0:0:0:1','Mozilla/5.0 (Windows NT 10.0; WOW64) AppleWebKit/537.36 (KHTML, like Gecko) Chrome/49.0.2623.75 Safari/537.36','/jeesite/a/oa/oaNotify/self','GET','tabPageId=jerichotabiframe_1',''),('fb5d9342d63d4bbdb342f6c418a2db24','1','在线办公-通知通告-我的通告','1','2016-06-22 14:58:41','0:0:0:0:0:0:0:1','Mozilla/5.0 (Windows NT 10.0; WOW64) AppleWebKit/537.36 (KHTML, like Gecko) Chrome/49.0.2623.75 Safari/537.36','/jeesite/a/oa/oaNotify/self','GET','tabPageId=jerichotabiframe_26',''),('fcbbc990fcaf4d3e9a67c92ed486d09b','1','系统设置-机构用户-用户管理','1','2016-06-22 14:29:29','0:0:0:0:0:0:0:1','Mozilla/5.0 (Windows NT 10.0; WOW64) AppleWebKit/537.36 (KHTML, like Gecko) Chrome/49.0.2623.75 Safari/537.36','/jeesite/a/sys/user/index','GET','tabPageId=jerichotabiframe_2',''),('fce9b761cda34f97b548ab9db2042c00','1','系统登录','1','2016-06-22 15:37:34','192.168.8.165','Mozilla/5.0 (Windows NT 10.0; Win64; x64) AppleWebKit/537.36 (KHTML, like Gecko) Chrome/46.0.2486.0 Safari/537.36 Edge/13.10586','/jeesite/a/sys/role/','GET','tabPageId=jerichotabiframe_15',''),('fecafc8beb8144bd9386daf6c782749e','1','系统设置-系统设置-菜单管理','1','2016-06-22 15:12:36','0:0:0:0:0:0:0:1','Mozilla/5.0 (Windows NT 10.0; WOW64) AppleWebKit/537.36 (KHTML, like Gecko) Chrome/49.0.2623.75 Safari/537.36','/jeesite/a/sys/menu/','GET','tabPageId=jerichotabiframe_7',''),('fece3c912fd549159a481a75626223ba','1','在线办公-业务订单-业务订单详情','1','2016-06-22 16:20:44','0:0:0:0:0:0:0:1','Mozilla/5.0 (Windows NT 10.0; WOW64) AppleWebKit/537.36 (KHTML, like Gecko) Chrome/49.0.2623.75 Safari/537.36','/jeesite/a/order/businessinfo/list','GET','tabPageId=jerichotabiframe_2',''),('fee93811da074601834f80b8a66e3206','1','在线办公-通知通告-我的通告','1','2016-06-22 16:20:07','0:0:0:0:0:0:0:1','Mozilla/5.0 (Windows NT 10.0; WOW64) AppleWebKit/537.36 (KHTML, like Gecko) Chrome/49.0.2623.75 Safari/537.36','/jeesite/a/oa/oaNotify/self','GET','tabPageId=jerichotabiframe_1',''),('fef2c3ffdda245f8abc668fc04b05d9b','1','代码生成-生成示例-主子表','1','2016-06-22 16:12:06','0:0:0:0:0:0:0:1','Mozilla/5.0 (Windows NT 10.0; WOW64) AppleWebKit/537.36 (KHTML, like Gecko) Chrome/49.0.2623.75 Safari/537.36','/jeesite/a/test/testDataMain','GET','tabPageId=jerichotabiframe_5','');

/*Table structure for table `sys_mdict` */

DROP TABLE IF EXISTS `sys_mdict`;

CREATE TABLE `sys_mdict` (
  `id` varchar(64) NOT NULL COMMENT '编号',
  `parent_id` varchar(64) NOT NULL COMMENT '父级编号',
  `parent_ids` varchar(2000) NOT NULL COMMENT '所有父级编号',
  `name` varchar(100) NOT NULL COMMENT '名称',
  `sort` decimal(10,0) NOT NULL COMMENT '排序',
  `description` varchar(100) DEFAULT NULL COMMENT '描述',
  `create_by` varchar(64) NOT NULL COMMENT '创建者',
  `create_date` datetime NOT NULL COMMENT '创建时间',
  `update_by` varchar(64) NOT NULL COMMENT '更新者',
  `update_date` datetime NOT NULL COMMENT '更新时间',
  `remarks` varchar(255) DEFAULT NULL COMMENT '备注信息',
  `del_flag` char(1) NOT NULL DEFAULT '0' COMMENT '删除标记',
  PRIMARY KEY (`id`),
  KEY `sys_mdict_parent_id` (`parent_id`),
  KEY `sys_mdict_del_flag` (`del_flag`)
) ENGINE=InnoDB DEFAULT CHARSET=utf8 COMMENT='多级字典表';

/*Data for the table `sys_mdict` */

/*Table structure for table `sys_menu` */

DROP TABLE IF EXISTS `sys_menu`;

CREATE TABLE `sys_menu` (
  `id` varchar(64) NOT NULL COMMENT '编号',
  `parent_id` varchar(64) NOT NULL COMMENT '父级编号',
  `parent_ids` varchar(2000) NOT NULL COMMENT '所有父级编号',
  `name` varchar(100) NOT NULL COMMENT '名称',
  `sort` decimal(10,0) NOT NULL COMMENT '排序',
  `href` varchar(2000) DEFAULT NULL COMMENT '链接',
  `target` varchar(20) DEFAULT NULL COMMENT '目标',
  `icon` varchar(100) DEFAULT NULL COMMENT '图标',
  `is_show` char(1) NOT NULL COMMENT '是否在菜单中显示',
  `permission` varchar(200) DEFAULT NULL COMMENT '权限标识',
  `create_by` varchar(64) NOT NULL COMMENT '创建者',
  `create_date` datetime NOT NULL COMMENT '创建时间',
  `update_by` varchar(64) NOT NULL COMMENT '更新者',
  `update_date` datetime NOT NULL COMMENT '更新时间',
  `remarks` varchar(255) DEFAULT NULL COMMENT '备注信息',
  `del_flag` char(1) NOT NULL DEFAULT '0' COMMENT '删除标记',
  PRIMARY KEY (`id`),
  KEY `sys_menu_parent_id` (`parent_id`),
  KEY `sys_menu_del_flag` (`del_flag`)
) ENGINE=InnoDB DEFAULT CHARSET=utf8 COMMENT='菜单表';

/*Data for the table `sys_menu` */

insert  into `sys_menu`(`id`,`parent_id`,`parent_ids`,`name`,`sort`,`href`,`target`,`icon`,`is_show`,`permission`,`create_by`,`create_date`,`update_by`,`update_date`,`remarks`,`del_flag`) values ('0b2ebd4d639e4c2b83c2dd0764522f24','ba8092291b40482db8fe7fc006ea3d76','0,1,79,3c92c17886944d0687e73e286cada573,ba8092291b40482db8fe7fc006ea3d76,','编辑',60,'','','','0','test:testData:edit','1','2013-08-12 13:10:05','1','2013-08-12 13:10:05','','0'),('0ca004d6b1bf4bcab9670a5060d82a55','3c92c17886944d0687e73e286cada573','0,1,79,3c92c17886944d0687e73e286cada573,','树结构',90,'/test/testTree','','','1','','1','2013-08-12 13:10:05','1','2013-08-12 13:10:05','','0'),('1','0','0,','功能菜单',0,NULL,NULL,NULL,'1',NULL,'1','2013-05-27 08:00:00','1','2013-05-27 08:00:00',NULL,'0'),('10','3','0,1,2,3,','字典管理',60,'/sys/dict/',NULL,'th-list','1',NULL,'1','2013-05-27 08:00:00','1','2013-05-27 08:00:00',NULL,'0'),('11','10','0,1,2,3,10,','查看',30,NULL,NULL,NULL,'0','sys:dict:view','1','2013-05-27 08:00:00','1','2013-05-27 08:00:00',NULL,'0'),('12','10','0,1,2,3,10,','修改',40,NULL,NULL,NULL,'0','sys:dict:edit','1','2013-05-27 08:00:00','1','2013-05-27 08:00:00',NULL,'0'),('13','2','0,1,2,','机构用户',970,NULL,NULL,NULL,'1',NULL,'1','2013-05-27 08:00:00','1','2013-05-27 08:00:00',NULL,'0'),('14','13','0,1,2,13,','区域管理',50,'/sys/area/',NULL,'th','1',NULL,'1','2013-05-27 08:00:00','1','2013-05-27 08:00:00',NULL,'0'),('14d06fb4b82d4b32902f2f002ebdbd67','2','0,1,2,','业务信息',1020,'/sys/demo/businessinfo/list','','','1','','1','2016-06-22 14:56:46','1','2016-06-22 14:57:13','','1'),('15','14','0,1,2,13,14,','查看',30,NULL,NULL,NULL,'0','sys:area:view','1','2013-05-27 08:00:00','1','2013-05-27 08:00:00',NULL,'0'),('16','14','0,1,2,13,14,','修改',40,NULL,NULL,NULL,'0','sys:area:edit','1','2013-05-27 08:00:00','1','2013-05-27 08:00:00',NULL,'0'),('17','13','0,1,2,13,','机构管理',40,'/sys/office/',NULL,'th-large','1',NULL,'1','2013-05-27 08:00:00','1','2013-05-27 08:00:00',NULL,'0'),('18','17','0,1,2,13,17,','查看',30,NULL,NULL,NULL,'0','sys:office:view','1','2013-05-27 08:00:00','1','2013-05-27 08:00:00',NULL,'0'),('19','17','0,1,2,13,17,','修改',40,NULL,NULL,NULL,'0','sys:office:edit','1','2013-05-27 08:00:00','1','2013-05-27 08:00:00',NULL,'0'),('2','1','0,1,','系统设置',900,NULL,NULL,NULL,'1',NULL,'1','2013-05-27 08:00:00','1','2013-05-27 08:00:00',NULL,'0'),('20','13','0,1,2,13,','用户管理',30,'/sys/user/index',NULL,'user','1',NULL,'1','2013-05-27 08:00:00','1','2013-05-27 08:00:00',NULL,'0'),('21','20','0,1,2,13,20,','查看',30,NULL,NULL,NULL,'0','sys:user:view','1','2013-05-27 08:00:00','1','2013-05-27 08:00:00',NULL,'0'),('22','20','0,1,2,13,20,','修改',40,NULL,NULL,NULL,'0','sys:user:edit','1','2013-05-27 08:00:00','1','2013-05-27 08:00:00',NULL,'0'),('23','2','0,1,2,','关于帮助',990,NULL,NULL,NULL,'0',NULL,'1','2013-05-27 08:00:00','1','2013-05-27 08:00:00',NULL,'0'),('24','23','0,1,2,23','官方首页',30,'http://jeesite.com','_blank',NULL,'0',NULL,'1','2013-05-27 08:00:00','1','2013-05-27 08:00:00',NULL,'0'),('25','23','0,1,2,23','项目支持',50,'http://jeesite.com/donation.html','_blank',NULL,'0',NULL,'1','2013-05-27 08:00:00','1','2013-05-27 08:00:00',NULL,'1'),('26','23','0,1,2,23','论坛交流',80,'http://bbs.jeesite.com','_blank',NULL,'0',NULL,'1','2013-05-27 08:00:00','1','2013-05-27 08:00:00',NULL,'1'),('27','1','0,1,','我的面板',100,NULL,NULL,NULL,'1',NULL,'1','2013-05-27 08:00:00','1','2013-05-27 08:00:00',NULL,'0'),('28','27','0,1,27,','个人信息',30,NULL,NULL,NULL,'1',NULL,'1','2013-05-27 08:00:00','1','2013-05-27 08:00:00',NULL,'0'),('29','28','0,1,27,28,','个人信息',30,'/sys/user/info',NULL,'user','1',NULL,'1','2013-05-27 08:00:00','1','2013-05-27 08:00:00',NULL,'0'),('3','2','0,1,2,','系统设置',980,NULL,NULL,NULL,'1',NULL,'1','2013-05-27 08:00:00','1','2013-05-27 08:00:00',NULL,'0'),('30','28','0,1,27,28,','修改密码',40,'/sys/user/modifyPwd',NULL,'lock','1',NULL,'1','2013-05-27 08:00:00','1','2013-05-27 08:00:00',NULL,'0'),('31','1','0,1,','内容管理',500,NULL,NULL,NULL,'1',NULL,'1','2013-05-27 08:00:00','1','2013-05-27 08:00:00',NULL,'0'),('32','31','0,1,31,','栏目设置',990,NULL,NULL,NULL,'1',NULL,'1','2013-05-27 08:00:00','1','2013-05-27 08:00:00',NULL,'0'),('33','32','0,1,31,32','栏目管理',30,'/cms/category/',NULL,'align-justify','1',NULL,'1','2013-05-27 08:00:00','1','2013-05-27 08:00:00',NULL,'0'),('34','33','0,1,31,32,33,','查看',30,NULL,NULL,NULL,'0','cms:category:view','1','2013-05-27 08:00:00','1','2013-05-27 08:00:00',NULL,'0'),('35','33','0,1,31,32,33,','修改',40,NULL,NULL,NULL,'0','cms:category:edit','1','2013-05-27 08:00:00','1','2013-05-27 08:00:00',NULL,'0'),('36','32','0,1,31,32','站点设置',40,'/cms/site/',NULL,'certificate','1',NULL,'1','2013-05-27 08:00:00','1','2013-05-27 08:00:00',NULL,'0'),('37','36','0,1,31,32,36,','查看',30,NULL,NULL,NULL,'0','cms:site:view','1','2013-05-27 08:00:00','1','2013-05-27 08:00:00',NULL,'0'),('38','36','0,1,31,32,36,','修改',40,NULL,NULL,NULL,'0','cms:site:edit','1','2013-05-27 08:00:00','1','2013-05-27 08:00:00',NULL,'0'),('39','32','0,1,31,32','切换站点',50,'/cms/site/select',NULL,'retweet','1','cms:site:select','1','2013-05-27 08:00:00','1','2013-05-27 08:00:00',NULL,'0'),('3c92c17886944d0687e73e286cada573','79','0,1,79,','生成示例',120,'','','','1','','1','2013-08-12 13:10:05','1','2013-08-12 13:10:05','','0'),('4','3','0,1,2,3,','菜单管理',30,'/sys/menu/',NULL,'list-alt','1',NULL,'1','2013-05-27 08:00:00','1','2013-05-27 08:00:00',NULL,'0'),('40','31','0,1,31,','内容管理',500,NULL,NULL,NULL,'1','cms:view','1','2013-05-27 08:00:00','1','2013-05-27 08:00:00',NULL,'0'),('41','40','0,1,31,40,','内容发布',30,'/cms/',NULL,'briefcase','1',NULL,'1','2013-05-27 08:00:00','1','2013-05-27 08:00:00',NULL,'0'),('42','41','0,1,31,40,41,','文章模型',40,'/cms/article/',NULL,'file','0',NULL,'1','2013-05-27 08:00:00','1','2013-05-27 08:00:00',NULL,'0'),('43','42','0,1,31,40,41,42,','查看',30,NULL,NULL,NULL,'0','cms:article:view','1','2013-05-27 08:00:00','1','2013-05-27 08:00:00',NULL,'0'),('44','42','0,1,31,40,41,42,','修改',40,NULL,NULL,NULL,'0','cms:article:edit','1','2013-05-27 08:00:00','1','2013-05-27 08:00:00',NULL,'0'),('45','42','0,1,31,40,41,42,','审核',50,NULL,NULL,NULL,'0','cms:article:audit','1','2013-05-27 08:00:00','1','2013-05-27 08:00:00',NULL,'0'),('46','41','0,1,31,40,41,','链接模型',60,'/cms/link/',NULL,'random','0',NULL,'1','2013-05-27 08:00:00','1','2013-05-27 08:00:00',NULL,'0'),('47','46','0,1,31,40,41,46,','查看',30,NULL,NULL,NULL,'0','cms:link:view','1','2013-05-27 08:00:00','1','2013-05-27 08:00:00',NULL,'0'),('48','46','0,1,31,40,41,46,','修改',40,NULL,NULL,NULL,'0','cms:link:edit','1','2013-05-27 08:00:00','1','2013-05-27 08:00:00',NULL,'0'),('4855cf3b25c244fb8500a380db189d97','b1f6d1b86ba24365bae7fd86c5082317','0,1,79,3c92c17886944d0687e73e286cada573,b1f6d1b86ba24365bae7fd86c5082317,','查看',30,'','','','0','test:testDataMain:view','1','2013-08-12 13:10:05','1','2013-08-12 13:10:05','','0'),('49','46','0,1,31,40,41,46,','审核',50,NULL,NULL,NULL,'0','cms:link:audit','1','2013-05-27 08:00:00','1','2013-05-27 08:00:00',NULL,'0'),('5','4','0,1,2,3,4,','查看',30,NULL,NULL,NULL,'0','sys:menu:view','1','2013-05-27 08:00:00','1','2013-05-27 08:00:00',NULL,'0'),('50','40','0,1,31,40,','评论管理',40,'/cms/comment/?status=2',NULL,'comment','1',NULL,'1','2013-05-27 08:00:00','1','2013-05-27 08:00:00',NULL,'0'),('51','50','0,1,31,40,50,','查看',30,NULL,NULL,NULL,'0','cms:comment:view','1','2013-05-27 08:00:00','1','2013-05-27 08:00:00',NULL,'0'),('52','50','0,1,31,40,50,','审核',40,NULL,NULL,NULL,'0','cms:comment:edit','1','2013-05-27 08:00:00','1','2013-05-27 08:00:00',NULL,'0'),('53','40','0,1,31,40,','公共留言',80,'/cms/guestbook/?status=2',NULL,'glass','1',NULL,'1','2013-05-27 08:00:00','1','2013-05-27 08:00:00',NULL,'0'),('54','53','0,1,31,40,53,','查看',30,NULL,NULL,NULL,'0','cms:guestbook:view','1','2013-05-27 08:00:00','1','2013-05-27 08:00:00',NULL,'0'),('55','53','0,1,31,40,53,','审核',40,NULL,NULL,NULL,'0','cms:guestbook:edit','1','2013-05-27 08:00:00','1','2013-05-27 08:00:00',NULL,'0'),('56','71','0,1,27,71,','文件管理',90,'/../static/ckfinder/ckfinder.html',NULL,'folder-open','1',NULL,'1','2013-05-27 08:00:00','1','2013-05-27 08:00:00',NULL,'0'),('57','56','0,1,27,40,56,','查看',30,NULL,NULL,NULL,'0','cms:ckfinder:view','1','2013-05-27 08:00:00','1','2013-05-27 08:00:00',NULL,'0'),('58','56','0,1,27,40,56,','上传',40,NULL,NULL,NULL,'0','cms:ckfinder:upload','1','2013-05-27 08:00:00','1','2013-05-27 08:00:00',NULL,'0'),('59','56','0,1,27,40,56,','修改',50,NULL,NULL,NULL,'0','cms:ckfinder:edit','1','2013-05-27 08:00:00','1','2013-05-27 08:00:00',NULL,'0'),('6','4','0,1,2,3,4,','修改',40,NULL,NULL,NULL,'0','sys:menu:edit','1','2013-05-27 08:00:00','1','2013-05-27 08:00:00',NULL,'0'),('60','31','0,1,31,','统计分析',600,NULL,NULL,NULL,'1',NULL,'1','2013-05-27 08:00:00','1','2013-05-27 08:00:00',NULL,'0'),('61','60','0,1,31,60,','信息量统计',30,'/cms/stats/article',NULL,'tasks','1','cms:stats:article','1','2013-05-27 08:00:00','1','2013-05-27 08:00:00',NULL,'0'),('62','1','0,1,','在线办公',200,NULL,NULL,NULL,'1',NULL,'1','2013-05-27 08:00:00','1','2013-05-27 08:00:00',NULL,'0'),('63','62','0,1,62,','个人办公',30,NULL,NULL,NULL,'1',NULL,'1','2013-05-27 08:00:00','1','2013-05-27 08:00:00',NULL,'0'),('64','63','0,1,62,63,','请假办理',300,'/oa/leave',NULL,'leaf','0',NULL,'1','2013-05-27 08:00:00','1','2013-05-27 08:00:00',NULL,'0'),('65','64','0,1,62,63,64,','查看',30,NULL,NULL,NULL,'0','oa:leave:view','1','2013-05-27 08:00:00','1','2013-05-27 08:00:00',NULL,'0'),('66','64','0,1,62,63,64,','修改',40,NULL,NULL,NULL,'0','oa:leave:edit','1','2013-05-27 08:00:00','1','2013-05-27 08:00:00',NULL,'0'),('67','2','0,1,2,','日志查询',985,NULL,NULL,NULL,'1',NULL,'1','2013-06-03 08:00:00','1','2013-06-03 08:00:00',NULL,'0'),('68','67','0,1,2,67,','日志查询',30,'/sys/log',NULL,'pencil','1','sys:log:view','1','2013-06-03 08:00:00','1','2013-06-03 08:00:00',NULL,'0'),('69','62','0,1,62,','流程管理',300,NULL,NULL,NULL,'1',NULL,'1','2013-05-27 08:00:00','1','2013-05-27 08:00:00',NULL,'0'),('7','3','0,1,2,3,','角色管理',50,'/sys/role/',NULL,'lock','1',NULL,'1','2013-05-27 08:00:00','1','2013-05-27 08:00:00',NULL,'0'),('70','69','0,1,62,69,','流程管理',50,'/act/process',NULL,'road','1','act:process:edit','1','2013-05-27 08:00:00','1','2013-05-27 08:00:00',NULL,'0'),('71','27','0,1,27,','文件管理',90,NULL,NULL,NULL,'1',NULL,'1','2013-05-27 08:00:00','1','2013-05-27 08:00:00',NULL,'0'),('72','69','0,1,62,69,','模型管理',100,'/act/model',NULL,'road','1','act:model:edit','1','2013-09-20 08:00:00','1','2013-09-20 08:00:00',NULL,'0'),('73','63','0,1,62,63,','我的任务',50,'/act/task/todo/',NULL,'tasks','1',NULL,'1','2013-09-24 08:00:00','1','2013-09-24 08:00:00',NULL,'0'),('74','63','0,1,62,63,','审批测试',100,'/oa/testAudit',NULL,NULL,'1','oa:testAudit:view,oa:testAudit:edit','1','2013-09-24 08:00:00','1','2013-09-24 08:00:00',NULL,'0'),('75','1','0,1,','在线演示',3000,NULL,NULL,NULL,'1',NULL,'1','2013-10-08 08:00:00','1','2013-10-08 08:00:00',NULL,'1'),('79','1','0,1,','代码生成',5000,NULL,NULL,NULL,'1',NULL,'1','2013-10-16 08:00:00','1','2013-10-16 08:00:00',NULL,'0'),('7cdd2e5cc9ec4a498bd2c24899720023','d04beb3092cd4579a223e8fe6b74a71e','0,1,62,d04beb3092cd4579a223e8fe6b74a71e,','业务订单详情',30,'/order/businessinfo/form','','bell','1','order:businessinfo:*','1','2016-06-22 16:17:04','1','2016-06-22 16:24:27','','0'),('8','7','0,1,2,3,7,','查看',30,NULL,NULL,NULL,'0','sys:role:view','1','2013-05-27 08:00:00','1','2013-05-27 08:00:00',NULL,'0'),('80','79','0,1,79,','代码生成',50,NULL,NULL,NULL,'1',NULL,'1','2013-10-16 08:00:00','1','2013-10-16 08:00:00',NULL,'0'),('81','80','0,1,79,80,','生成方案配置',30,'/gen/genScheme',NULL,NULL,'1','gen:genScheme:view,gen:genScheme:edit','1','2013-10-16 08:00:00','1','2013-10-16 08:00:00',NULL,'0'),('82','80','0,1,79,80,','业务表配置',20,'/gen/genTable',NULL,NULL,'1','gen:genTable:view,gen:genTable:edit,gen:genTableColumn:view,gen:genTableColumn:edit','1','2013-10-16 08:00:00','1','2013-10-16 08:00:00',NULL,'0'),('83','80','0,1,79,80,','代码模板管理',90,'/gen/genTemplate',NULL,NULL,'1','gen:genTemplate:view,gen:genTemplate:edit','1','2013-10-16 08:00:00','1','2013-10-16 08:00:00',NULL,'1'),('84','67','0,1,2,67,','连接池监视',40,'/../druid',NULL,NULL,'1',NULL,'1','2013-10-18 08:00:00','1','2013-10-18 08:00:00',NULL,'0'),('85','76','0,1,75,76,','行政区域',80,'/../static/map/map-city.html',NULL,NULL,'1',NULL,'1','2013-10-22 08:00:00','1','2013-10-22 08:00:00',NULL,'0'),('86','75','0,1,75,','组件演示',50,NULL,NULL,NULL,'1',NULL,'1','2013-10-22 08:00:00','1','2013-10-22 08:00:00',NULL,'1'),('87','86','0,1,75,86,','组件演示',30,'/test/test/form',NULL,NULL,'1','test:test:view,test:test:edit','1','2013-10-22 08:00:00','1','2013-10-22 08:00:00',NULL,'1'),('88','62','0,1,62,','通知通告',20,'','','','1','','1','2013-11-08 08:00:00','1','2013-11-08 08:00:00',NULL,'0'),('89','88','0,1,62,88,','我的通告',30,'/oa/oaNotify/self','','','1','','1','2013-11-08 08:00:00','1','2013-11-08 08:00:00',NULL,'0'),('9','7','0,1,2,3,7,','修改',40,NULL,NULL,NULL,'0','sys:role:edit','1','2013-05-27 08:00:00','1','2013-05-27 08:00:00',NULL,'0'),('90','88','0,1,62,88,','通告管理',50,'/oa/oaNotify','','','1','oa:oaNotify:view,oa:oaNotify:edit','1','2013-11-08 08:00:00','1','2013-11-08 08:00:00',NULL,'0'),('afab2db430e2457f9cf3a11feaa8b869','0ca004d6b1bf4bcab9670a5060d82a55','0,1,79,3c92c17886944d0687e73e286cada573,0ca004d6b1bf4bcab9670a5060d82a55,','编辑',60,'','','','0','test:testTree:edit','1','2013-08-12 13:10:05','1','2013-08-12 13:10:05','','0'),('b1f6d1b86ba24365bae7fd86c5082317','3c92c17886944d0687e73e286cada573','0,1,79,3c92c17886944d0687e73e286cada573,','主子表',60,'/test/testDataMain','','','1','','1','2013-08-12 13:10:05','1','2013-08-12 13:10:05','','0'),('ba8092291b40482db8fe7fc006ea3d76','3c92c17886944d0687e73e286cada573','0,1,79,3c92c17886944d0687e73e286cada573,','单表',30,'/test/testData','','','1','','1','2013-08-12 13:10:05','1','2013-08-12 13:10:05','','0'),('c0d3d60f17be4391a52af098a6279ba3','fe541070549c45a2b8a57027a563cb83','0,1,2,fe541070549c45a2b8a57027a563cb83,','业务信息展示测试',80,'/sys/demo/businessinfo/form','','','1','sys:demo:businessinfo:*','1','2016-06-22 15:08:07','1','2016-06-22 15:36:13','','1'),('c2e4d9082a0b4386884a0b203afe2c5c','0ca004d6b1bf4bcab9670a5060d82a55','0,1,79,3c92c17886944d0687e73e286cada573,0ca004d6b1bf4bcab9670a5060d82a55,','查看',30,'','','','0','test:testTree:view','1','2013-08-12 13:10:05','1','2013-08-12 13:10:05','','0'),('d04beb3092cd4579a223e8fe6b74a71e','62','0,1,62,','业务订单',330,'','','','1','','1','2016-06-22 16:16:06','1','2016-06-22 16:16:06','','0'),('d15ec45a4c5449c3bbd7a61d5f9dd1d2','b1f6d1b86ba24365bae7fd86c5082317','0,1,79,3c92c17886944d0687e73e286cada573,b1f6d1b86ba24365bae7fd86c5082317,','编辑',60,'','','','0','test:testDataMain:edit','1','2013-08-12 13:10:05','1','2013-08-12 13:10:05','','0'),('df7ce823c5b24ff9bada43d992f373e2','ba8092291b40482db8fe7fc006ea3d76','0,1,79,3c92c17886944d0687e73e286cada573,ba8092291b40482db8fe7fc006ea3d76,','查看',30,'','','','0','test:testData:view','1','2013-08-12 13:10:05','1','2013-08-12 13:10:05','','0'),('fe541070549c45a2b8a57027a563cb83','2','0,1,2,','业务订单',1020,'','','','1','','1','2016-06-22 15:35:45','1','2016-06-22 15:35:45','','1');

/*Table structure for table `sys_office` */

DROP TABLE IF EXISTS `sys_office`;

CREATE TABLE `sys_office` (
  `id` varchar(64) NOT NULL COMMENT '编号',
  `parent_id` varchar(64) NOT NULL COMMENT '父级编号',
  `parent_ids` varchar(2000) NOT NULL COMMENT '所有父级编号',
  `name` varchar(100) NOT NULL COMMENT '名称',
  `sort` decimal(10,0) NOT NULL COMMENT '排序',
  `area_id` varchar(64) NOT NULL COMMENT '归属区域',
  `code` varchar(100) DEFAULT NULL COMMENT '区域编码',
  `type` char(1) NOT NULL COMMENT '机构类型',
  `grade` char(1) NOT NULL COMMENT '机构等级',
  `address` varchar(255) DEFAULT NULL COMMENT '联系地址',
  `zip_code` varchar(100) DEFAULT NULL COMMENT '邮政编码',
  `master` varchar(100) DEFAULT NULL COMMENT '负责人',
  `phone` varchar(200) DEFAULT NULL COMMENT '电话',
  `fax` varchar(200) DEFAULT NULL COMMENT '传真',
  `email` varchar(200) DEFAULT NULL COMMENT '邮箱',
  `USEABLE` varchar(64) DEFAULT NULL COMMENT '是否启用',
  `PRIMARY_PERSON` varchar(64) DEFAULT NULL COMMENT '主负责人',
  `DEPUTY_PERSON` varchar(64) DEFAULT NULL COMMENT '副负责人',
  `create_by` varchar(64) NOT NULL COMMENT '创建者',
  `create_date` datetime NOT NULL COMMENT '创建时间',
  `update_by` varchar(64) NOT NULL COMMENT '更新者',
  `update_date` datetime NOT NULL COMMENT '更新时间',
  `remarks` varchar(255) DEFAULT NULL COMMENT '备注信息',
  `del_flag` char(1) NOT NULL DEFAULT '0' COMMENT '删除标记',
  PRIMARY KEY (`id`),
  KEY `sys_office_parent_id` (`parent_id`),
  KEY `sys_office_del_flag` (`del_flag`),
  KEY `sys_office_type` (`type`)
) ENGINE=InnoDB DEFAULT CHARSET=utf8 COMMENT='机构表';

/*Data for the table `sys_office` */

insert  into `sys_office`(`id`,`parent_id`,`parent_ids`,`name`,`sort`,`area_id`,`code`,`type`,`grade`,`address`,`zip_code`,`master`,`phone`,`fax`,`email`,`USEABLE`,`PRIMARY_PERSON`,`DEPUTY_PERSON`,`create_by`,`create_date`,`update_by`,`update_date`,`remarks`,`del_flag`) values ('1','0','0,','山东省总公司',10,'2','100000','1','1',NULL,NULL,NULL,NULL,NULL,NULL,'1',NULL,NULL,'1','2013-05-27 08:00:00','1','2013-05-27 08:00:00',NULL,'0'),('10','7','0,1,7,','市场部',30,'3','200003','2','2',NULL,NULL,NULL,NULL,NULL,NULL,'1',NULL,NULL,'1','2013-05-27 08:00:00','1','2013-05-27 08:00:00',NULL,'0'),('11','7','0,1,7,','技术部',40,'3','200004','2','2',NULL,NULL,NULL,NULL,NULL,NULL,'1',NULL,NULL,'1','2013-05-27 08:00:00','1','2013-05-27 08:00:00',NULL,'0'),('12','7','0,1,7,','历城区分公司',0,'4','201000','1','3',NULL,NULL,NULL,NULL,NULL,NULL,'1',NULL,NULL,'1','2013-05-27 08:00:00','1','2013-05-27 08:00:00',NULL,'0'),('13','12','0,1,7,12,','公司领导',10,'4','201001','2','3',NULL,NULL,NULL,NULL,NULL,NULL,'1',NULL,NULL,'1','2013-05-27 08:00:00','1','2013-05-27 08:00:00',NULL,'0'),('14','12','0,1,7,12,','综合部',20,'4','201002','2','3',NULL,NULL,NULL,NULL,NULL,NULL,'1',NULL,NULL,'1','2013-05-27 08:00:00','1','2013-05-27 08:00:00',NULL,'0'),('15','12','0,1,7,12,','市场部',30,'4','201003','2','3',NULL,NULL,NULL,NULL,NULL,NULL,'1',NULL,NULL,'1','2013-05-27 08:00:00','1','2013-05-27 08:00:00',NULL,'0'),('16','12','0,1,7,12,','技术部',40,'4','201004','2','3',NULL,NULL,NULL,NULL,NULL,NULL,'1',NULL,NULL,'1','2013-05-27 08:00:00','1','2013-05-27 08:00:00',NULL,'0'),('17','7','0,1,7,','历下区分公司',40,'5','201010','1','3',NULL,NULL,NULL,NULL,NULL,NULL,'1',NULL,NULL,'1','2013-05-27 08:00:00','1','2013-05-27 08:00:00',NULL,'0'),('18','17','0,1,7,17,','公司领导',10,'5','201011','2','3',NULL,NULL,NULL,NULL,NULL,NULL,'1',NULL,NULL,'1','2013-05-27 08:00:00','1','2013-05-27 08:00:00',NULL,'0'),('19','17','0,1,7,17,','综合部',20,'5','201012','2','3',NULL,NULL,NULL,NULL,NULL,NULL,'1',NULL,NULL,'1','2013-05-27 08:00:00','1','2013-05-27 08:00:00',NULL,'0'),('2','1','0,1,','公司领导',10,'2','100001','2','1',NULL,NULL,NULL,NULL,NULL,NULL,'1',NULL,NULL,'1','2013-05-27 08:00:00','1','2013-05-27 08:00:00',NULL,'0'),('20','17','0,1,7,17,','市场部',30,'5','201013','2','3',NULL,NULL,NULL,NULL,NULL,NULL,'1',NULL,NULL,'1','2013-05-27 08:00:00','1','2013-05-27 08:00:00',NULL,'0'),('21','17','0,1,7,17,','技术部',40,'5','201014','2','3',NULL,NULL,NULL,NULL,NULL,NULL,'1',NULL,NULL,'1','2013-05-27 08:00:00','1','2013-05-27 08:00:00',NULL,'0'),('22','7','0,1,7,','高新区分公司',50,'6','201010','1','3',NULL,NULL,NULL,NULL,NULL,NULL,'1',NULL,NULL,'1','2013-05-27 08:00:00','1','2013-05-27 08:00:00',NULL,'0'),('23','22','0,1,7,22,','公司领导',10,'6','201011','2','3',NULL,NULL,NULL,NULL,NULL,NULL,'1',NULL,NULL,'1','2013-05-27 08:00:00','1','2013-05-27 08:00:00',NULL,'0'),('24','22','0,1,7,22,','综合部',20,'6','201012','2','3',NULL,NULL,NULL,NULL,NULL,NULL,'1',NULL,NULL,'1','2013-05-27 08:00:00','1','2013-05-27 08:00:00',NULL,'0'),('25','22','0,1,7,22,','市场部',30,'6','201013','2','3',NULL,NULL,NULL,NULL,NULL,NULL,'1',NULL,NULL,'1','2013-05-27 08:00:00','1','2013-05-27 08:00:00',NULL,'0'),('26','22','0,1,7,22,','技术部',40,'6','201014','2','3',NULL,NULL,NULL,NULL,NULL,NULL,'1',NULL,NULL,'1','2013-05-27 08:00:00','1','2013-05-27 08:00:00',NULL,'0'),('3','1','0,1,','综合部',20,'2','100002','2','1',NULL,NULL,NULL,NULL,NULL,NULL,'1',NULL,NULL,'1','2013-05-27 08:00:00','1','2013-05-27 08:00:00',NULL,'0'),('4','1','0,1,','市场部',30,'2','100003','2','1',NULL,NULL,NULL,NULL,NULL,NULL,'1',NULL,NULL,'1','2013-05-27 08:00:00','1','2013-05-27 08:00:00',NULL,'0'),('5','1','0,1,','技术部',40,'2','100004','2','1',NULL,NULL,NULL,NULL,NULL,NULL,'1',NULL,NULL,'1','2013-05-27 08:00:00','1','2013-05-27 08:00:00',NULL,'0'),('6','1','0,1,','研发部',50,'2','100005','2','1',NULL,NULL,NULL,NULL,NULL,NULL,'1',NULL,NULL,'1','2013-05-27 08:00:00','1','2013-05-27 08:00:00',NULL,'0'),('7','1','0,1,','济南市分公司',20,'3','200000','1','2',NULL,NULL,NULL,NULL,NULL,NULL,'1',NULL,NULL,'1','2013-05-27 08:00:00','1','2013-05-27 08:00:00',NULL,'0'),('8','7','0,1,7,','公司领导',10,'3','200001','2','2',NULL,NULL,NULL,NULL,NULL,NULL,'1',NULL,NULL,'1','2013-05-27 08:00:00','1','2013-05-27 08:00:00',NULL,'0'),('9','7','0,1,7,','综合部',20,'3','200002','2','2',NULL,NULL,NULL,NULL,NULL,NULL,'1',NULL,NULL,'1','2013-05-27 08:00:00','1','2013-05-27 08:00:00',NULL,'0');

/*Table structure for table `sys_role` */

DROP TABLE IF EXISTS `sys_role`;

CREATE TABLE `sys_role` (
  `id` varchar(64) NOT NULL COMMENT '编号',
  `office_id` varchar(64) DEFAULT NULL COMMENT '归属机构',
  `name` varchar(100) NOT NULL COMMENT '角色名称',
  `enname` varchar(255) DEFAULT NULL COMMENT '英文名称',
  `role_type` varchar(255) DEFAULT NULL COMMENT '角色类型',
  `data_scope` char(1) DEFAULT NULL COMMENT '数据范围',
  `is_sys` varchar(64) DEFAULT NULL COMMENT '是否系统数据',
  `useable` varchar(64) DEFAULT NULL COMMENT '是否可用',
  `create_by` varchar(64) NOT NULL COMMENT '创建者',
  `create_date` datetime NOT NULL COMMENT '创建时间',
  `update_by` varchar(64) NOT NULL COMMENT '更新者',
  `update_date` datetime NOT NULL COMMENT '更新时间',
  `remarks` varchar(255) DEFAULT NULL COMMENT '备注信息',
  `del_flag` char(1) NOT NULL DEFAULT '0' COMMENT '删除标记',
  PRIMARY KEY (`id`),
  KEY `sys_role_del_flag` (`del_flag`),
  KEY `sys_role_enname` (`enname`)
) ENGINE=InnoDB DEFAULT CHARSET=utf8 COMMENT='角色表';

/*Data for the table `sys_role` */

insert  into `sys_role`(`id`,`office_id`,`name`,`enname`,`role_type`,`data_scope`,`is_sys`,`useable`,`create_by`,`create_date`,`update_by`,`update_date`,`remarks`,`del_flag`) values ('1','2','系统管理员','dept','assignment','1','1','1','1','2013-05-27 08:00:00','1','2016-06-22 16:18:33','','0'),('2','1','公司管理员','hr','assignment','2',NULL,'1','1','2013-05-27 08:00:00','1','2013-05-27 08:00:00',NULL,'0'),('3','1','本公司管理员','a','assignment','3',NULL,'1','1','2013-05-27 08:00:00','1','2013-05-27 08:00:00',NULL,'0'),('4','1','部门管理员','b','assignment','4',NULL,'1','1','2013-05-27 08:00:00','1','2013-05-27 08:00:00',NULL,'0'),('5','1','本部门管理员','c','assignment','5',NULL,'1','1','2013-05-27 08:00:00','1','2013-05-27 08:00:00',NULL,'0'),('6','1','普通用户','d','assignment','8',NULL,'1','1','2013-05-27 08:00:00','1','2013-05-27 08:00:00',NULL,'0'),('7','7','济南市管理员','e','assignment','9',NULL,'1','1','2013-05-27 08:00:00','1','2013-05-27 08:00:00',NULL,'0');

/*Table structure for table `sys_role_menu` */

DROP TABLE IF EXISTS `sys_role_menu`;

CREATE TABLE `sys_role_menu` (
  `role_id` varchar(64) NOT NULL COMMENT '角色编号',
  `menu_id` varchar(64) NOT NULL COMMENT '菜单编号',
  PRIMARY KEY (`role_id`,`menu_id`)
) ENGINE=InnoDB DEFAULT CHARSET=utf8 COMMENT='角色-菜单';

/*Data for the table `sys_role_menu` */

insert  into `sys_role_menu`(`role_id`,`menu_id`) values ('1','1'),('1','10'),('1','11'),('1','12'),('1','13'),('1','14'),('1','15'),('1','16'),('1','17'),('1','18'),('1','19'),('1','2'),('1','20'),('1','21'),('1','22'),('1','23'),('1','24'),('1','27'),('1','28'),('1','29'),('1','3'),('1','30'),('1','31'),('1','32'),('1','33'),('1','34'),('1','35'),('1','36'),('1','37'),('1','38'),('1','39'),('1','4'),('1','40'),('1','41'),('1','42'),('1','43'),('1','44'),('1','45'),('1','46'),('1','47'),('1','48'),('1','49'),('1','5'),('1','50'),('1','51'),('1','52'),('1','53'),('1','54'),('1','55'),('1','56'),('1','57'),('1','58'),('1','59'),('1','6'),('1','60'),('1','61'),('1','62'),('1','63'),('1','64'),('1','65'),('1','66'),('1','67'),('1','68'),('1','69'),('1','7'),('1','70'),('1','71'),('1','72'),('1','73'),('1','74'),('1','79'),('1','7cdd2e5cc9ec4a498bd2c24899720023'),('1','8'),('1','80'),('1','81'),('1','82'),('1','84'),('1','85'),('1','88'),('1','89'),('1','9'),('1','90'),('1','d04beb3092cd4579a223e8fe6b74a71e'),('2','1'),('2','10'),('2','11'),('2','12'),('2','13'),('2','14'),('2','15'),('2','16'),('2','17'),('2','18'),('2','19'),('2','2'),('2','20'),('2','21'),('2','22'),('2','23'),('2','24'),('2','25'),('2','26'),('2','27'),('2','28'),('2','29'),('2','3'),('2','30'),('2','31'),('2','32'),('2','33'),('2','34'),('2','35'),('2','36'),('2','37'),('2','38'),('2','39'),('2','4'),('2','40'),('2','41'),('2','42'),('2','43'),('2','44'),('2','45'),('2','46'),('2','47'),('2','48'),('2','49'),('2','5'),('2','50'),('2','51'),('2','52'),('2','53'),('2','54'),('2','55'),('2','56'),('2','57'),('2','58'),('2','59'),('2','6'),('2','60'),('2','61'),('2','62'),('2','63'),('2','64'),('2','65'),('2','66'),('2','67'),('2','68'),('2','69'),('2','7'),('2','70'),('2','71'),('2','72'),('2','73'),('2','74'),('2','75'),('2','76'),('2','77'),('2','78'),('2','79'),('2','8'),('2','80'),('2','81'),('2','82'),('2','83'),('2','84'),('2','85'),('2','86'),('2','87'),('2','88'),('2','89'),('2','9'),('2','90'),('3','1'),('3','10'),('3','11'),('3','12'),('3','13'),('3','14'),('3','15'),('3','16'),('3','17'),('3','18'),('3','19'),('3','2'),('3','20'),('3','21'),('3','22'),('3','23'),('3','24'),('3','25'),('3','26'),('3','27'),('3','28'),('3','29'),('3','3'),('3','30'),('3','31'),('3','32'),('3','33'),('3','34'),('3','35'),('3','36'),('3','37'),('3','38'),('3','39'),('3','4'),('3','40'),('3','41'),('3','42'),('3','43'),('3','44'),('3','45'),('3','46'),('3','47'),('3','48'),('3','49'),('3','5'),('3','50'),('3','51'),('3','52'),('3','53'),('3','54'),('3','55'),('3','56'),('3','57'),('3','58'),('3','59'),('3','6'),('3','60'),('3','61'),('3','62'),('3','63'),('3','64'),('3','65'),('3','66'),('3','67'),('3','68'),('3','69'),('3','7'),('3','70'),('3','71'),('3','72'),('3','73'),('3','74'),('3','75'),('3','76'),('3','77'),('3','78'),('3','79'),('3','8'),('3','80'),('3','81'),('3','82'),('3','83'),('3','84'),('3','85'),('3','86'),('3','87'),('3','88'),('3','89'),('3','9'),('3','90');

/*Table structure for table `sys_role_office` */

DROP TABLE IF EXISTS `sys_role_office`;

CREATE TABLE `sys_role_office` (
  `role_id` varchar(64) NOT NULL COMMENT '角色编号',
  `office_id` varchar(64) NOT NULL COMMENT '机构编号',
  PRIMARY KEY (`role_id`,`office_id`)
) ENGINE=InnoDB DEFAULT CHARSET=utf8 COMMENT='角色-机构';

/*Data for the table `sys_role_office` */

insert  into `sys_role_office`(`role_id`,`office_id`) values ('7','10'),('7','11'),('7','12'),('7','13'),('7','14'),('7','15'),('7','16'),('7','17'),('7','18'),('7','19'),('7','20'),('7','21'),('7','22'),('7','23'),('7','24'),('7','25'),('7','26'),('7','7'),('7','8'),('7','9');

/*Table structure for table `sys_user` */

DROP TABLE IF EXISTS `sys_user`;

CREATE TABLE `sys_user` (
  `id` varchar(64) NOT NULL COMMENT '编号',
  `company_id` varchar(64) NOT NULL COMMENT '归属公司',
  `office_id` varchar(64) NOT NULL COMMENT '归属部门',
  `login_name` varchar(100) NOT NULL COMMENT '登录名',
  `password` varchar(100) NOT NULL COMMENT '密码',
  `no` varchar(100) DEFAULT NULL COMMENT '工号',
  `name` varchar(100) NOT NULL COMMENT '姓名',
  `email` varchar(200) DEFAULT NULL COMMENT '邮箱',
  `phone` varchar(200) DEFAULT NULL COMMENT '电话',
  `mobile` varchar(200) DEFAULT NULL COMMENT '手机',
  `user_type` char(1) DEFAULT NULL COMMENT '用户类型',
  `photo` varchar(1000) DEFAULT NULL COMMENT '用户头像',
  `login_ip` varchar(100) DEFAULT NULL COMMENT '最后登陆IP',
  `login_date` datetime DEFAULT NULL COMMENT '最后登陆时间',
  `login_flag` varchar(64) DEFAULT NULL COMMENT '是否可登录',
  `create_by` varchar(64) NOT NULL COMMENT '创建者',
  `create_date` datetime NOT NULL COMMENT '创建时间',
  `update_by` varchar(64) NOT NULL COMMENT '更新者',
  `update_date` datetime NOT NULL COMMENT '更新时间',
  `remarks` varchar(255) DEFAULT NULL COMMENT '备注信息',
  `del_flag` char(1) NOT NULL DEFAULT '0' COMMENT '删除标记',
  PRIMARY KEY (`id`),
  KEY `sys_user_office_id` (`office_id`),
  KEY `sys_user_login_name` (`login_name`),
  KEY `sys_user_company_id` (`company_id`),
  KEY `sys_user_update_date` (`update_date`),
  KEY `sys_user_del_flag` (`del_flag`)
) ENGINE=InnoDB DEFAULT CHARSET=utf8 COMMENT='用户表';

/*Data for the table `sys_user` */

insert  into `sys_user`(`id`,`company_id`,`office_id`,`login_name`,`password`,`no`,`name`,`email`,`phone`,`mobile`,`user_type`,`photo`,`login_ip`,`login_date`,`login_flag`,`create_by`,`create_date`,`update_by`,`update_date`,`remarks`,`del_flag`) values ('1','1','2','thinkgem','02a3f0772fcca9f415adc990734b45c6f059c7d33ee28362c4852032','0001','系统管理员','thinkgem@163.com','8675','8675',NULL,NULL,'0:0:0:0:0:0:0:1','2016-06-22 17:01:33','1','1','2013-05-27 08:00:00','1','2013-05-27 08:00:00','最高管理员','0'),('10','7','11','jn_jsb','02a3f0772fcca9f415adc990734b45c6f059c7d33ee28362c4852032','0010','济南技术部',NULL,NULL,NULL,NULL,NULL,NULL,NULL,'1','1','2013-05-27 08:00:00','1','2013-05-27 08:00:00',NULL,'0'),('11','12','13','lc_admin','02a3f0772fcca9f415adc990734b45c6f059c7d33ee28362c4852032','0011','济南历城领导',NULL,NULL,NULL,NULL,NULL,NULL,NULL,'1','1','2013-05-27 08:00:00','1','2013-05-27 08:00:00',NULL,'0'),('12','12','18','lx_admin','02a3f0772fcca9f415adc990734b45c6f059c7d33ee28362c4852032','0012','济南历下领导',NULL,NULL,NULL,NULL,NULL,NULL,NULL,'1','1','2013-05-27 08:00:00','1','2013-05-27 08:00:00',NULL,'0'),('13','22','23','gx_admin','02a3f0772fcca9f415adc990734b45c6f059c7d33ee28362c4852032','0013','济南高新领导',NULL,NULL,NULL,NULL,NULL,NULL,NULL,'1','1','2013-05-27 08:00:00','1','2013-05-27 08:00:00',NULL,'0'),('2','1','2','sd_admin','02a3f0772fcca9f415adc990734b45c6f059c7d33ee28362c4852032','0002','管理员',NULL,NULL,NULL,NULL,NULL,NULL,NULL,'1','1','2013-05-27 08:00:00','1','2013-05-27 08:00:00',NULL,'0'),('3','1','3','sd_zhb','02a3f0772fcca9f415adc990734b45c6f059c7d33ee28362c4852032','0003','综合部',NULL,NULL,NULL,NULL,NULL,NULL,NULL,'1','1','2013-05-27 08:00:00','1','2013-05-27 08:00:00',NULL,'0'),('4','1','4','sd_scb','02a3f0772fcca9f415adc990734b45c6f059c7d33ee28362c4852032','0004','市场部',NULL,NULL,NULL,NULL,NULL,NULL,NULL,'1','1','2013-05-27 08:00:00','1','2013-05-27 08:00:00',NULL,'0'),('5','1','5','sd_jsb','02a3f0772fcca9f415adc990734b45c6f059c7d33ee28362c4852032','0005','技术部',NULL,NULL,NULL,NULL,NULL,NULL,NULL,'1','1','2013-05-27 08:00:00','1','2013-05-27 08:00:00',NULL,'0'),('6','1','6','sd_yfb','02a3f0772fcca9f415adc990734b45c6f059c7d33ee28362c4852032','0006','研发部',NULL,NULL,NULL,NULL,NULL,NULL,NULL,'1','1','2013-05-27 08:00:00','1','2013-05-27 08:00:00',NULL,'0'),('7','7','8','jn_admin','02a3f0772fcca9f415adc990734b45c6f059c7d33ee28362c4852032','0007','济南领导',NULL,NULL,NULL,NULL,NULL,NULL,NULL,'1','1','2013-05-27 08:00:00','1','2013-05-27 08:00:00',NULL,'0'),('8','7','9','jn_zhb','02a3f0772fcca9f415adc990734b45c6f059c7d33ee28362c4852032','0008','济南综合部',NULL,NULL,NULL,NULL,NULL,NULL,NULL,'1','1','2013-05-27 08:00:00','1','2013-05-27 08:00:00',NULL,'0'),('9','7','10','jn_scb','02a3f0772fcca9f415adc990734b45c6f059c7d33ee28362c4852032','0009','济南市场部',NULL,NULL,NULL,NULL,NULL,NULL,NULL,'1','1','2013-05-27 08:00:00','1','2013-05-27 08:00:00',NULL,'0');

/*Table structure for table `sys_user_role` */

DROP TABLE IF EXISTS `sys_user_role`;

CREATE TABLE `sys_user_role` (
  `user_id` varchar(64) NOT NULL COMMENT '用户编号',
  `role_id` varchar(64) NOT NULL COMMENT '角色编号',
  PRIMARY KEY (`user_id`,`role_id`)
) ENGINE=InnoDB DEFAULT CHARSET=utf8 COMMENT='用户-角色';

/*Data for the table `sys_user_role` */

insert  into `sys_user_role`(`user_id`,`role_id`) values ('1','1'),('1','2'),('10','2'),('11','3'),('12','4'),('13','5'),('14','6'),('2','1'),('3','2'),('4','3'),('5','4'),('6','5'),('7','2'),('7','7'),('8','2'),('9','1');

/*Table structure for table `test_data` */

DROP TABLE IF EXISTS `test_data`;

CREATE TABLE `test_data` (
  `id` varchar(64) NOT NULL COMMENT '编号',
  `user_id` varchar(64) DEFAULT NULL COMMENT '归属用户',
  `office_id` varchar(64) DEFAULT NULL COMMENT '归属部门',
  `area_id` varchar(64) DEFAULT NULL COMMENT '归属区域',
  `name` varchar(100) DEFAULT NULL COMMENT '名称',
  `sex` char(1) DEFAULT NULL COMMENT '性别',
  `in_date` date DEFAULT NULL COMMENT '加入日期',
  `create_by` varchar(64) NOT NULL COMMENT '创建者',
  `create_date` datetime NOT NULL COMMENT '创建时间',
  `update_by` varchar(64) NOT NULL COMMENT '更新者',
  `update_date` datetime NOT NULL COMMENT '更新时间',
  `remarks` varchar(255) DEFAULT NULL COMMENT '备注信息',
  `del_flag` char(1) NOT NULL DEFAULT '0' COMMENT '删除标记',
  PRIMARY KEY (`id`),
  KEY `test_data_del_flag` (`del_flag`)
) ENGINE=InnoDB DEFAULT CHARSET=utf8 COMMENT='业务数据表';

/*Data for the table `test_data` */

/*Table structure for table `test_data_child` */

DROP TABLE IF EXISTS `test_data_child`;

CREATE TABLE `test_data_child` (
  `id` varchar(64) NOT NULL COMMENT '编号',
  `test_data_main_id` varchar(64) DEFAULT NULL COMMENT '业务主表ID',
  `name` varchar(100) DEFAULT NULL COMMENT '名称',
  `create_by` varchar(64) NOT NULL COMMENT '创建者',
  `create_date` datetime NOT NULL COMMENT '创建时间',
  `update_by` varchar(64) NOT NULL COMMENT '更新者',
  `update_date` datetime NOT NULL COMMENT '更新时间',
  `remarks` varchar(255) DEFAULT NULL COMMENT '备注信息',
  `del_flag` char(1) NOT NULL DEFAULT '0' COMMENT '删除标记',
  PRIMARY KEY (`id`),
  KEY `test_data_child_del_flag` (`del_flag`)
) ENGINE=InnoDB DEFAULT CHARSET=utf8 COMMENT='业务数据子表';

/*Data for the table `test_data_child` */

/*Table structure for table `test_data_main` */

DROP TABLE IF EXISTS `test_data_main`;

CREATE TABLE `test_data_main` (
  `id` varchar(64) NOT NULL COMMENT '编号',
  `user_id` varchar(64) DEFAULT NULL COMMENT '归属用户',
  `office_id` varchar(64) DEFAULT NULL COMMENT '归属部门',
  `area_id` varchar(64) DEFAULT NULL COMMENT '归属区域',
  `name` varchar(100) DEFAULT NULL COMMENT '名称',
  `sex` char(1) DEFAULT NULL COMMENT '性别',
  `in_date` date DEFAULT NULL COMMENT '加入日期',
  `create_by` varchar(64) NOT NULL COMMENT '创建者',
  `create_date` datetime NOT NULL COMMENT '创建时间',
  `update_by` varchar(64) NOT NULL COMMENT '更新者',
  `update_date` datetime NOT NULL COMMENT '更新时间',
  `remarks` varchar(255) DEFAULT NULL COMMENT '备注信息',
  `del_flag` char(1) NOT NULL DEFAULT '0' COMMENT '删除标记',
  PRIMARY KEY (`id`),
  KEY `test_data_main_del_flag` (`del_flag`)
) ENGINE=InnoDB DEFAULT CHARSET=utf8 COMMENT='业务数据表';

/*Data for the table `test_data_main` */

/*Table structure for table `test_tree` */

DROP TABLE IF EXISTS `test_tree`;

CREATE TABLE `test_tree` (
  `id` varchar(64) NOT NULL COMMENT '编号',
  `parent_id` varchar(64) NOT NULL COMMENT '父级编号',
  `parent_ids` varchar(2000) NOT NULL COMMENT '所有父级编号',
  `name` varchar(100) NOT NULL COMMENT '名称',
  `sort` decimal(10,0) NOT NULL COMMENT '排序',
  `create_by` varchar(64) NOT NULL COMMENT '创建者',
  `create_date` datetime NOT NULL COMMENT '创建时间',
  `update_by` varchar(64) NOT NULL COMMENT '更新者',
  `update_date` datetime NOT NULL COMMENT '更新时间',
  `remarks` varchar(255) DEFAULT NULL COMMENT '备注信息',
  `del_flag` char(1) NOT NULL DEFAULT '0' COMMENT '删除标记',
  PRIMARY KEY (`id`),
  KEY `test_tree_del_flag` (`del_flag`),
  KEY `test_data_parent_id` (`parent_id`)
) ENGINE=InnoDB DEFAULT CHARSET=utf8 COMMENT='树结构表';

/*Data for the table `test_tree` */

/*!40101 SET SQL_MODE=@OLD_SQL_MODE */;
/*!40014 SET FOREIGN_KEY_CHECKS=@OLD_FOREIGN_KEY_CHECKS */;
/*!40014 SET UNIQUE_CHECKS=@OLD_UNIQUE_CHECKS */;
/*!40111 SET SQL_NOTES=@OLD_SQL_NOTES */;
